ID,HPHM,HPZL,HPYS,CLPP,CLYS,TGSJ,KKBH,TPDZ,KK_LON_LAT
929855,粤A1268Q,教练车,红黑字,起亚,蓝,2016-04-26 16:40:35,kk248969,,114.523888_22.576871
725147,粤CT3A61,大型汽车,红黑字,本田,黑,2017-07-13 12:14:58,kk917248,,114.473637_23.682121
725145,粤CT3A61,大型汽车,红黑字,本田,黑,2017-07-13 12:11:58,kk917247,,112.473637_25.682121
636770,粤F2D8VL,大型汽车,红黑字,五菱,灰,2016-10-04 09:56:22,kk235239,,112.184894_23.490783
268051,粤C26GP4,警用汽车,黄底黑字,本田,白,2017-12-19 01:26:39,kk139843,,112.745862_23.766141
268052,粤C26GP4,警用汽车,黄底黑字,本田,白,2017-12-19 01:25:39,kk139845,,115.745862_25.766141
907387,粤EG6NPG,警用汽车,黄底黑字,丰田,蓝,2017-06-27 09:38:48,kk318516,,115.064135_23.194392
181274,粤E28BJ0,警用汽车,红黑字,本田,蓝,2017-07-15 18:05:45,kk208229,,112.783939_24.340644
181275,粤E28BJ1,警用汽车,红黑字,本田,蓝,2017-07-15 18:04:45,kk208229,,112.783939_24.340644
181276,粤E28BJ2,警用汽车,红黑字,本田,蓝,2017-07-15 18:03:45,kk208229,,112.783939_24.340644
181277,粤E28BJ0,警用汽车,红黑字,本田,蓝,2017-07-15 17:05:45,kk208221,,112.783939_24.340644
181278,粤E28BJ1,警用汽车,红黑字,本田,蓝,2017-07-15 17:04:45,kk208221,,112.783939_24.340644
181279,粤E28BJ2,警用汽车,红黑字,本田,蓝,2017-07-15 17:03:45,kk208221,,112.783939_24.340644
181270,粤E28BJ0,警用汽车,红黑字,本田,蓝,2017-07-15 19:05:45,kk208222,,112.783939_24.340644
181271,粤E28BJ1,警用汽车,红黑字,本田,蓝,2017-07-15 19:04:45,kk208222,,112.783939_24.340644
181272,粤E28BJ2,警用汽车,红黑字,本田,蓝,2017-07-15 19:03:45,kk208222,,112.783939_24.340644
606739,粤GRE82N,教练车,黄底黑字,本田,红,2015-06-14 18:11:19,kk935463,,114.672995_25.079500
925804,粤E0DWP3,教练车,黄底黑字,斯卡达,黑,2017-01-15 20:40:21,kk323218,,116.511655_22.904259
652393,粤B305PJ,大型汽车,黄底黑字,五菱,黑,2015-09-08 22:10:05,kk115471,,112.210979_25.041928
91276,粤AJ2E59,警用汽车,黑底白字,起亚,蓝,2016-09-13 15:28:41,kk125172,,113.783910_24.907617
198917,粤APCWUO,警用汽车,蓝底白字,丰田,蓝,2017-08-27 05:05:11,kk98760,,113.330261_22.618348
47760,粤DBG410,教练车,黄底黑字,起亚,红,2015-05-02 11:14:42,kk708384,,113.470224_24.459362
328281,粤BV2379,大型汽车,红黑字,五菱,蓝,2015-06-06 12:02:12,kk232383,,112.192398_22.743876
277298,粤DGLYS7,教练车,黑底白字,起亚,蓝,2016-07-02 08:18:35,kk165293,,112.840645_24.148512
656318,粤EA6SML,教练车,蓝底白字,起亚,蓝,2016-02-01 00:10:08,kk210512,,111.306169_25.152375
920346,粤AC473F,小型汽车,蓝底白字,斯卡达,蓝,2015-09-11 11:18:11,kk851960,,111.722818_22.614961
515428,粤F5X9EI,小型汽车,蓝底白字,起亚,红,2017-06-25 01:26:22,kk975452,,112.561820_23.106727
322272,粤FL4093,教练车,黄底黑字,斯卡达,红,2015-04-17 20:18:01,kk816201,,113.509899_24.816152
623675,粤GREX2Q,大型汽车,黄底黑字,起亚,灰,2015-12-22 01:16:06,kk845745,,117.064798_24.924546
615080,粤C74WY2,警用汽车,蓝底白字,大众,白,2016-02-06 07:09:31,kk79782,,115.819322_23.054981
400415,粤ACSUK2,大型汽车,黄底黑字,本田,黑,2017-12-10 00:54:30,kk687805,,113.613717_22.820233
619501,粤A83J7G,教练车,黄底黑字,起亚,红,2015-07-24 08:46:24,kk716087,,112.855155_23.150237
338640,粤EXZ2R4,警用汽车,蓝底白字,丰田,白,2017-07-16 15:05:08,kk197478,,114.159372_22.684934
602615,粤C5YD07,大型汽车,蓝底白字,本田,蓝,2017-03-23 22:49:24,kk914666,,115.235991_23.453219
94172,粤D5S9K5,教练车,黑底白字,丰田,红,2016-08-11 19:00:54,kk607922,,112.420813_24.943373
676162,粤BS8K0R,警用汽车,红黑字,大众,灰,2016-01-12 08:31:13,kk474061,,111.596303_22.586714
201876,粤EXZERL,大型汽车,黄底黑字,五菱,白,2015-08-24 05:45:36,kk390234,,115.816181_23.768237
870692,粤E75149,警用汽车,黑底白字,大众,白,2017-09-07 21:05:37,kk414331,,116.935545_24.899525
579035,粤F9U3M9,教练车,蓝底白字,五菱,灰,2017-02-12 05:58:51,kk763219,,112.074492_23.916361
170711,粤DR9J1Q,小型汽车,黑底白字,五菱,黑,2015-06-10 04:43:28,kk650659,,116.506286_25.336097
226065,粤G69D3K,小型汽车,黄底黑字,本田,红,2016-09-06 18:20:18,kk78700,,111.800189_24.372923
45993,粤DMATG3,警用汽车,红黑字,大众,黑,2016-03-19 13:51:22,kk919478,,112.416942_24.932127
784700,粤FHUOMG,小型汽车,蓝底白字,起亚,红,2017-04-03 17:16:21,kk398795,,113.546812_23.377968
264188,粤F01650,大型汽车,黑底白字,起亚,灰,2015-08-06 10:41:58,kk398491,,114.321988_24.253763
863822,粤E84V5N,小型汽车,黄底黑字,起亚,白,2017-02-06 09:35:48,kk831547,,111.937867_25.413656
19908,粤GM8TGA,警用汽车,蓝底白字,五菱,白,2017-12-18 00:54:12,kk712020,,112.543231_23.568276
293088,粤FE0L4D,警用汽车,黄底黑字,五菱,红,2017-12-05 05:39:50,kk441327,,116.831787_25.498635
665434,粤B4H0Z4,大型汽车,黄底黑字,丰田,黑,2015-03-24 11:14:04,kk263059,,114.914178_23.404680
714505,粤E24ST4,小型汽车,蓝底白字,斯卡达,白,2016-06-10 05:31:50,kk800408,,111.541357_24.616400
578200,粤D6A89Y,教练车,黑底白字,五菱,蓝,2016-12-24 01:23:05,kk83474,,116.859072_22.899974
172117,粤E50N41,小型汽车,蓝底白字,五菱,白,2016-02-13 19:37:57,kk498122,,116.556141_23.221559
950217,粤G5K9CT,大型汽车,黑底白字,丰田,白,2015-09-02 05:01:36,kk643720,,112.656329_23.043301
609949,粤G57064,小型汽车,黄底黑字,丰田,灰,2017-03-26 20:54:58,kk174006,,112.022362_24.227882
534585,粤EBGTNA,大型汽车,黑底白字,起亚,黑,2015-04-07 02:20:50,kk313508,,115.142773_24.739348
438379,粤HQ9N4F,小型汽车,黄底黑字,五菱,红,2015-01-19 04:49:21,kk891331,,112.793255_23.814240
634257,粤DWJ8Q2,教练车,蓝底白字,本田,红,2017-10-29 17:14:19,kk414813,,117.052494_24.318686
579086,粤G1PI63,小型汽车,黑底白字,大众,黑,2017-11-03 13:22:18,kk917446,,116.722727_22.947194
868208,粤C10569,警用汽车,红黑字,起亚,红,2015-09-04 00:31:47,kk58640,,112.306924_24.818840
648723,粤GQ1Q70,警用汽车,黄底黑字,丰田,白,2016-08-05 20:25:52,kk227312,,116.346586_24.502529
500161,粤GWJDQV,教练车,红黑字,斯卡达,红,2017-12-28 17:10:58,kk206941,,113.411910_25.302396
191489,粤F3Z614,小型汽车,蓝底白字,大众,蓝,2016-09-22 13:28:16,kk296660,,116.771527_23.471753
365036,粤DD8470,警用汽车,蓝底白字,本田,白,2015-03-02 03:41:04,kk651103,,114.446403_22.979454
120742,粤AOFU1M,大型汽车,蓝底白字,本田,红,2016-10-27 13:44:04,kk1156,,115.920920_25.394608
678267,粤E1E5X7,小型汽车,红黑字,大众,白,2017-08-27 04:58:25,kk848404,,116.478387_24.782684
779812,粤C816R0,教练车,红黑字,五菱,黑,2016-07-28 20:08:31,kk688003,,111.398138_24.265403
263152,粤G8925G,大型汽车,蓝底白字,五菱,灰,2017-08-21 01:55:05,kk807851,,114.539261_23.934343
282175,粤CXK338,小型汽车,黑底白字,丰田,蓝,2017-06-16 06:43:14,kk736362,,116.774165_24.384808
981388,粤H2EJXQ,小型汽车,蓝底白字,丰田,黑,2015-01-24 11:35:04,kk466794,,112.638907_23.360920
41138,粤A037R2,小型汽车,红黑字,丰田,灰,2017-08-12 12:09:59,kk173016,,112.347878_23.951139
401950,粤G2A696,警用汽车,黄底黑字,本田,黑,2016-06-14 01:41:46,kk249738,,116.306048_24.123116
649200,粤C26TMA,小型汽车,蓝底白字,丰田,红,2015-11-25 12:50:55,kk159676,,111.637352_25.429483
993466,粤F48621,小型汽车,蓝底白字,本田,黑,2016-06-20 14:52:50,kk750745,,112.858806_23.345114
517234,粤D8G834,警用汽车,黄底黑字,丰田,灰,2015-01-18 21:38:23,kk418335,,111.666494_24.874645
375248,粤ALYSE8,大型汽车,蓝底白字,五菱,红,2017-08-12 20:39:08,kk730842,,116.254538_25.018296
933651,粤H5L0KE,教练车,蓝底白字,丰田,白,2015-07-24 16:33:28,kk911080,,111.267298_22.823262
412135,粤DS6305,警用汽车,黄底黑字,大众,白,2016-01-20 07:19:01,kk871836,,111.967955_22.955937
453714,粤DQSM2L,警用汽车,蓝底白字,大众,灰,2017-07-29 20:40:09,kk340762,,116.522220_25.374583
188299,粤D75REY,教练车,黑底白字,五菱,灰,2017-09-28 05:25:32,kk977947,,112.035010_23.553296
779128,粤BXO59B,大型汽车,黄底黑字,斯卡达,红,2017-01-27 11:01:46,kk288941,,113.191415_22.765222
145183,粤EPF7X9,教练车,红黑字,斯卡达,红,2015-10-03 08:42:02,kk566656,,111.282075_24.278514
538106,粤C99J3I,教练车,黄底黑字,斯卡达,蓝,2016-08-03 10:47:13,kk57493,,111.853102_23.182626
918708,粤B973F3,小型汽车,红黑字,本田,白,2016-02-09 17:41:45,kk40188,,116.372373_23.023066
626018,粤BMLF1E,教练车,红黑字,起亚,黑,2016-04-19 04:28:49,kk530314,,112.313397_22.987040
660926,粤A417I7,小型汽车,黑底白字,起亚,红,2017-01-14 19:16:46,kk879021,,112.738290_23.567777
16826,粤AQOI5H,警用汽车,蓝底白字,五菱,黑,2015-10-28 20:44:13,kk621497,,113.747620_25.468648
881259,粤D8I0A4,大型汽车,蓝底白字,大众,灰,2016-11-16 21:24:09,kk548842,,114.373850_24.096010
205422,粤B57P96,小型汽车,黑底白字,斯卡达,黑,2017-12-03 20:55:05,kk126405,,114.874264_23.691596
92488,粤G7B1FZ,教练车,蓝底白字,丰田,灰,2017-06-14 07:57:17,kk62344,,111.202586_24.268786
691056,粤HN3F9E,大型汽车,蓝底白字,大众,蓝,2017-08-08 15:22:18,kk42053,,115.106995_25.169658
796647,粤E17A3S,大型汽车,红黑字,起亚,灰,2017-06-30 00:36:01,kk387282,,115.272418_24.339626
161989,粤FJW7D9,小型汽车,黄底黑字,斯卡达,红,2017-01-30 08:34:05,kk673182,,111.339286_23.461161
595982,粤D8CV51,大型汽车,黑底白字,丰田,红,2016-11-12 13:28:43,kk142174,,111.606866_23.421417
291536,粤BPRH0G,小型汽车,蓝底白字,大众,蓝,2016-02-21 04:03:23,kk90451,,116.116868_22.830421
464117,粤F8L2S4,警用汽车,蓝底白字,本田,蓝,2016-10-16 15:13:40,kk271087,,112.002255_24.765026
305657,粤E745FU,警用汽车,红黑字,五菱,红,2016-12-27 08:46:21,kk757152,,111.879550_25.547895
462606,粤DICAUH,小型汽车,蓝底白字,大众,蓝,2016-12-13 04:04:12,kk638875,,114.638273_23.769754
732249,粤E8527N,小型汽车,蓝底白字,起亚,白,2015-04-22 10:17:45,kk390837,,112.163879_23.697024
438006,粤B03K5C,小型汽车,红黑字,斯卡达,黑,2017-07-28 18:12:41,kk738307,,111.514214_23.957041
992295,粤BSJK11,小型汽车,黄底黑字,起亚,灰,2016-05-09 10:40:34,kk376290,,117.083688_23.154465
484637,粤EM9F3M,警用汽车,黄底黑字,大众,红,2017-01-16 06:52:43,kk950473,,115.410243_25.235299
743026,粤F6PU17,教练车,红黑字,五菱,黑,2015-03-02 20:35:52,kk296222,,113.246265_23.517194
208192,粤DI4ABV,大型汽车,红黑字,五菱,白,2017-07-09 17:54:27,kk49882,,114.390812_25.202673
133257,粤E8LN7U,小型汽车,黄底黑字,五菱,白,2015-04-19 12:35:59,kk396121,,115.720678_24.994320
75335,粤E0C40L,教练车,蓝底白字,丰田,红,2015-10-06 22:27:30,kk895654,,112.153341_24.156501
381047,粤GOQ7I1,大型汽车,红黑字,丰田,红,2017-11-05 16:12:38,kk49644,,114.905420_23.408768
384458,粤F8VP5T,警用汽车,黄底黑字,起亚,蓝,2016-11-01 06:37:08,kk500219,,111.885887_25.225663
333841,粤DV1638,小型汽车,蓝底白字,丰田,灰,2016-01-20 01:52:36,kk540965,,112.515674_23.965263
642752,粤HP1W5O,大型汽车,黄底黑字,丰田,白,2015-09-28 06:46:42,kk916919,,116.039955_24.779170
921255,粤B0Q8I2,小型汽车,红黑字,本田,红,2015-06-20 07:32:55,kk730490,,112.499336_24.465704
384744,粤FHB58V,警用汽车,蓝底白字,起亚,红,2017-03-10 13:08:06,kk637929,,115.198767_24.888611
660653,粤D26BGT,教练车,蓝底白字,斯卡达,白,2015-08-17 15:49:14,kk420333,,111.889753_24.041094
717452,粤ENE4W6,小型汽车,黄底黑字,起亚,灰,2016-11-21 21:08:22,kk443897,,111.789490_22.636396
625675,粤HEDW0A,警用汽车,黑底白字,大众,蓝,2015-01-03 08:43:27,kk485972,,114.388440_24.524654
127328,粤G062QJ,警用汽车,黑底白字,斯卡达,白,2017-01-12 21:35:58,kk896715,,113.314183_24.490946
537878,粤C8NDFV,大型汽车,红黑字,丰田,白,2015-05-28 07:14:34,kk90482,,113.940905_25.225220
334129,粤C673Z5,警用汽车,黄底黑字,丰田,白,2015-06-27 14:29:55,kk916815,,114.190289_24.097235
891633,粤EDI05C,小型汽车,蓝底白字,斯卡达,白,2015-01-21 13:45:06,kk547756,,115.528302_24.566407
226891,粤EQCQJ5,警用汽车,黑底白字,斯卡达,灰,2015-12-28 14:05:06,kk136417,,116.392049_23.096037
272454,粤C1439V,教练车,蓝底白字,大众,灰,2016-05-28 02:08:21,kk651121,,113.780378_24.866056
167137,粤BM1719,大型汽车,黄底黑字,本田,白,2017-05-29 14:36:04,kk970115,,116.162753_22.856223
278890,粤BFIY9B,小型汽车,黑底白字,本田,白,2016-03-03 19:19:27,kk533752,,111.442244_25.318960
194505,粤F9C3J5,教练车,黑底白字,五菱,灰,2015-09-08 06:31:39,kk594217,,115.875127_23.382304
708160,粤BN9559,警用汽车,红黑字,斯卡达,黑,2016-07-28 06:50:54,kk377285,,113.110262_24.870140
919924,粤B53LNS,教练车,黄底黑字,起亚,白,2016-04-06 14:36:59,kk276244,,114.967410_24.550598
915676,粤E8W074,小型汽车,黑底白字,斯卡达,蓝,2017-03-27 08:51:01,kk535058,,114.068322_24.526258
141519,粤ETJSJ4,大型汽车,黄底黑字,斯卡达,灰,2015-03-21 09:42:36,kk745996,,112.374776_22.585056
508604,粤D48F0Y,小型汽车,红黑字,大众,灰,2015-01-03 10:24:35,kk886352,,111.460708_25.379697
468377,粤BP5140,警用汽车,黄底黑字,丰田,红,2016-06-28 16:08:53,kk549584,,112.889181_25.328611
783636,粤GIVANH,警用汽车,蓝底白字,本田,灰,2017-11-05 18:38:55,kk488065,,113.203349_25.346702
487354,粤F123HB,教练车,蓝底白字,大众,黑,2017-03-03 18:46:59,kk577847,,113.589948_23.911002
569115,粤D9CH61,大型汽车,黑底白字,斯卡达,红,2017-09-07 08:33:21,kk840221,,115.592327_24.347919
258063,粤COE58J,大型汽车,红黑字,五菱,黑,2016-12-14 18:22:24,kk210546,,113.131599_23.596880
381675,粤C30A4H,教练车,红黑字,本田,白,2017-03-20 11:11:39,kk331706,,116.832360_24.489185
171203,粤FVL6K1,教练车,黑底白字,起亚,灰,2016-06-08 22:39:39,kk767750,,117.069253_25.074288
57550,粤C83H5O,小型汽车,黄底黑字,丰田,黑,2016-09-27 11:16:22,kk682653,,116.710352_24.506830
455389,粤A1279G,大型汽车,红黑字,五菱,蓝,2015-04-09 03:59:47,kk209822,,113.882932_24.585367
268715,粤DI4963,教练车,黄底黑字,五菱,黑,2017-08-07 21:48:28,kk449877,,113.359412_23.437830
867636,粤G3L9KA,警用汽车,蓝底白字,五菱,白,2015-01-19 19:04:56,kk277399,,116.321638_24.315473
584002,粤A16V53,教练车,黄底黑字,五菱,白,2017-06-30 01:20:42,kk911759,,115.463632_25.304728
352655,粤BNH82I,教练车,黄底黑字,丰田,白,2016-10-23 11:08:28,kk512790,,115.364053_24.276198
985358,粤B50OT8,小型汽车,红黑字,丰田,黑,2016-11-28 17:47:14,kk899002,,112.723819_25.393730
706115,粤DT0AI1,警用汽车,黑底白字,本田,黑,2015-05-18 04:36:13,kk854182,,115.465860_24.470168
999408,粤A5D15M,教练车,红黑字,大众,灰,2016-02-16 21:28:21,kk387645,,114.755392_25.225954
527027,粤ADQ37E,教练车,黑底白字,丰田,灰,2015-11-06 20:37:56,kk744072,,113.200350_25.016637
854451,粤C5TNA7,警用汽车,蓝底白字,斯卡达,灰,2015-04-22 05:06:27,kk920761,,115.341649_25.408049
994413,粤BGFZ75,教练车,红黑字,本田,黑,2016-04-08 03:36:25,kk943323,,113.913194_24.623275
323079,粤H5ZTRL,警用汽车,红黑字,本田,红,2017-06-01 12:03:29,kk175222,,112.947384_24.028896
253404,粤FO59L2,大型汽车,红黑字,丰田,灰,2015-06-14 01:16:20,kk492256,,116.623240_24.516442
160558,粤ATGA94,教练车,红黑字,斯卡达,黑,2016-02-17 07:00:47,kk239970,,112.541233_25.098661
445939,粤H3K722,大型汽车,黄底黑字,起亚,白,2017-12-05 00:00:18,kk510180,,111.436804_24.761557
299121,粤BZE8L1,警用汽车,红黑字,本田,黑,2017-12-03 01:03:04,kk422161,,112.267249_23.407390
671201,粤G70FZ5,小型汽车,蓝底白字,起亚,红,2016-06-20 01:02:05,kk774769,,111.528231_24.570437
208347,粤G30YSR,小型汽车,红黑字,丰田,红,2016-12-27 12:14:17,kk647623,,115.530722_22.619749
410970,粤HIKA77,警用汽车,黑底白字,大众,白,2017-02-12 10:00:16,kk272694,,112.893995_23.991280
81769,粤D305KO,警用汽车,黄底黑字,本田,灰,2017-10-20 03:44:30,kk772013,,115.761396_24.580628
205029,粤HDQJ79,大型汽车,红黑字,五菱,黑,2017-12-29 02:35:08,kk162908,,113.525797_25.124394
759870,粤DVLN9U,小型汽车,红黑字,大众,红,2016-12-17 10:49:14,kk369083,,115.152863_24.225213
611788,粤H4U7ZI,教练车,黄底黑字,起亚,蓝,2016-01-27 02:36:38,kk844001,,111.867620_22.784978
549628,粤D18D71,小型汽车,黄底黑字,斯卡达,白,2016-09-03 12:34:13,kk812477,,115.755387_24.306450
739289,粤HJDBVV,警用汽车,蓝底白字,五菱,黑,2017-09-23 16:03:59,kk67025,,112.533439_23.117480
350759,粤FJD618,小型汽车,黑底白字,丰田,红,2015-03-17 20:35:16,kk717434,,111.639331_25.105564
881726,粤H49OI1,警用汽车,黑底白字,斯卡达,白,2017-07-15 18:27:30,kk285195,,115.427873_24.772763
748819,粤BF793B,大型汽车,蓝底白字,本田,蓝,2015-01-09 07:56:04,kk58836,,112.327342_22.771823
46670,粤F72U4U,警用汽车,黑底白字,丰田,蓝,2017-08-18 07:35:17,kk681873,,113.284496_23.575602
985322,粤FL03E3,大型汽车,黑底白字,五菱,黑,2015-07-13 15:18:10,kk531988,,116.619778_23.777564
408117,粤G1LQDX,教练车,红黑字,起亚,蓝,2015-03-18 00:57:10,kk568247,,112.269662_24.624355
965028,粤B23671,教练车,黄底黑字,起亚,红,2015-12-19 18:08:34,kk972537,,111.440989_23.927234
970550,粤EPJW3D,教练车,黄底黑字,起亚,白,2017-04-17 08:37:16,kk92101,,114.769567_22.594247
710552,粤C7416J,警用汽车,蓝底白字,大众,红,2016-10-14 18:44:51,kk901949,,112.575788_23.685759
979149,粤D0N2F8,小型汽车,黄底黑字,本田,白,2015-03-19 01:05:00,kk449088,,111.590017_25.372989
924468,粤F3VI7P,教练车,红黑字,丰田,黑,2016-12-10 08:02:11,kk514933,,111.624228_23.780395
861309,粤FUHBAT,小型汽车,蓝底白字,大众,蓝,2015-09-30 11:41:17,kk37914,,114.507537_23.500365
569035,粤A1CVUN,警用汽车,黄底黑字,起亚,灰,2016-10-02 17:45:41,kk675232,,114.875992_23.510746
734633,粤F92961,小型汽车,黄底黑字,大众,灰,2016-11-04 18:39:24,kk250837,,113.493217_23.891649
623740,粤EHX79V,警用汽车,黄底黑字,本田,白,2016-12-13 18:52:20,kk736181,,111.774848_24.020936
766541,粤C39B3T,教练车,红黑字,本田,蓝,2017-07-18 11:37:56,kk840884,,116.912438_24.903742
430769,粤E63V5N,教练车,黑底白字,大众,红,2017-02-04 13:36:04,kk252439,,114.245002_24.586666
920667,粤BER4J6,大型汽车,黑底白字,起亚,白,2017-08-24 21:11:31,kk57196,,114.592375_22.821434
288608,粤D5XRD9,大型汽车,黑底白字,五菱,黑,2015-09-27 12:04:38,kk899299,,113.435687_24.635215
875181,粤D741C3,小型汽车,蓝底白字,起亚,黑,2016-09-06 11:53:28,kk989913,,113.174543_23.989010
203888,粤BY7296,小型汽车,蓝底白字,本田,白,2016-10-07 18:26:30,kk165990,,115.889583_24.035716
148215,粤EERLJD,警用汽车,黑底白字,丰田,灰,2016-08-11 07:09:31,kk815989,,116.225893_22.611198
961671,粤B94RDX,大型汽车,蓝底白字,大众,黑,2015-09-05 19:52:40,kk639370,,114.577294_23.913705
715529,粤BLN4U5,教练车,蓝底白字,斯卡达,黑,2017-02-15 02:48:00,kk887364,,112.628737_24.584226
924292,粤D1E6L0,警用汽车,黄底黑字,本田,白,2017-07-22 19:56:30,kk944415,,112.374008_25.011867
655586,粤G80I5A,警用汽车,黄底黑字,起亚,蓝,2017-01-23 11:49:05,kk852874,,114.555017_25.060643
218951,粤DR82S2,小型汽车,红黑字,斯卡达,白,2016-03-26 03:05:56,kk657916,,115.621831_24.356105
607187,粤D850T4,小型汽车,红黑字,丰田,白,2017-04-12 06:28:36,kk255338,,116.017469_24.593274
224183,粤FX5X1P,警用汽车,黑底白字,大众,红,2015-01-27 19:14:22,kk761793,,111.685143_23.692406
74824,粤HDXK4C,小型汽车,黄底黑字,起亚,蓝,2015-12-14 09:40:28,kk295193,,116.971975_22.954158
515380,粤BTJ961,教练车,蓝底白字,本田,蓝,2015-09-20 11:27:55,kk452415,,116.974467_25.040888
866903,粤BNDFV3,小型汽车,黄底黑字,斯卡达,灰,2016-09-10 22:36:57,kk702112,,116.545266_23.153513
679508,粤FO60V2,大型汽车,黄底黑字,丰田,红,2015-02-28 03:31:17,kk372357,,116.818497_25.337625
202002,粤G3BG8K,教练车,红黑字,斯卡达,黑,2015-04-19 05:54:17,kk905992,,116.693498_25.115982
659193,粤FC56MG,小型汽车,红黑字,本田,白,2016-10-14 17:42:19,kk580980,,116.948162_22.882315
268312,粤D2LNEU,大型汽车,黄底黑字,大众,蓝,2017-04-12 04:31:59,kk948730,,113.914983_25.095649
536308,粤A267W2,警用汽车,红黑字,丰田,蓝,2015-02-20 13:45:45,kk830250,,113.162580_25.139392
271420,粤FLF61Z,教练车,黄底黑字,斯卡达,红,2016-12-28 00:19:59,kk828188,,111.436709_22.710104
915238,粤C41YRF,警用汽车,黑底白字,本田,蓝,2017-10-04 07:29:10,kk962199,,113.043792_24.269755
255594,粤E71954,大型汽车,蓝底白字,丰田,黑,2016-01-17 15:15:48,kk215754,,114.688101_23.272570
315972,粤A1L176,教练车,红黑字,本田,白,2015-03-11 11:05:20,kk494438,,114.034948_24.117341
233716,粤CM7945,大型汽车,黄底黑字,大众,灰,2015-08-19 08:38:17,kk738903,,115.823978_23.848561
237175,粤C1PG25,教练车,黑底白字,丰田,灰,2017-08-09 15:22:33,kk710121,,115.471531_23.738182
411033,粤F227C1,教练车,蓝底白字,本田,白,2015-10-09 15:25:19,kk270171,,116.007126_23.036429
799400,粤DGXN62,教练车,黑底白字,本田,蓝,2016-08-06 00:22:50,kk818779,,113.309750_24.752608
537873,粤HMFHJZ,大型汽车,黑底白字,斯卡达,白,2017-02-24 01:28:42,kk913941,,111.239413_23.465004
128598,粤B40936,小型汽车,黑底白字,斯卡达,黑,2017-01-07 08:14:20,kk4408,,116.636141_22.918339
676483,粤ETM254,大型汽车,蓝底白字,五菱,红,2015-07-21 20:14:00,kk632451,,111.185602_23.656541
890071,粤D83NW6,大型汽车,蓝底白字,本田,蓝,2016-01-22 13:59:38,kk427250,,113.968764_22.802650
917146,粤G6DE9W,警用汽车,黄底黑字,大众,红,2016-09-25 11:39:05,kk702430,,113.816830_23.558257
633049,粤CN2G70,警用汽车,蓝底白字,起亚,灰,2016-03-01 06:34:36,kk495637,,114.331012_25.487270
828740,粤EIKA8S,警用汽车,黑底白字,五菱,灰,2017-12-06 21:34:00,kk443767,,114.203804_23.947127
856014,粤F284XN,警用汽车,黄底黑字,起亚,黑,2016-04-20 07:42:39,kk974331,,117.059290_23.699618
678880,粤D0G630,教练车,红黑字,丰田,白,2016-05-01 01:59:56,kk911620,,114.716144_24.577956
952953,粤BO5GAU,小型汽车,红黑字,本田,蓝,2015-09-08 19:24:51,kk745758,,114.591840_24.562771
708820,粤E25AUS,警用汽车,黄底黑字,五菱,白,2015-08-26 06:54:42,kk493370,,111.289181_23.702415
450690,粤D35PG7,教练车,红黑字,丰田,蓝,2015-02-12 14:30:13,kk290536,,115.488377_25.232476
998246,粤B6CV3Z,小型汽车,蓝底白字,本田,红,2015-10-01 04:51:57,kk601833,,114.835515_25.323902
197444,粤HQ5904,大型汽车,蓝底白字,起亚,蓝,2016-05-29 14:37:32,kk203715,,111.247967_22.903162
705144,粤FKJDQV,警用汽车,蓝底白字,丰田,蓝,2015-08-27 18:34:03,kk906120,,114.337480_25.423716
412780,粤A894DP,小型汽车,黄底黑字,起亚,黑,2015-09-17 00:55:38,kk313118,,113.387141_24.812664
715876,粤B97370,教练车,蓝底白字,斯卡达,红,2015-11-01 17:29:16,kk791573,,114.746924_23.884829
759106,粤DRHJZ8,小型汽车,黑底白字,五菱,白,2017-08-18 07:56:36,kk216215,,116.220513_24.622841
990632,粤CL9DTV,教练车,黑底白字,大众,红,2015-09-21 09:58:10,kk990168,,111.798983_22.884655
844873,粤BMO859,警用汽车,黄底黑字,大众,灰,2016-01-12 22:33:04,kk301910,,114.767834_22.920858
139412,粤D7Z15I,小型汽车,蓝底白字,丰田,灰,2017-04-19 02:21:19,kk572791,,116.132505_24.101167
819624,粤CZ0R27,大型汽车,蓝底白字,本田,蓝,2017-06-18 16:20:13,kk573660,,113.202810_23.836345
13696,粤G0HMZT,小型汽车,蓝底白字,五菱,蓝,2015-04-22 04:07:58,kk744806,,115.481488_22.875446
971071,粤F93671,大型汽车,蓝底白字,大众,红,2016-01-10 20:06:19,kk840339,,114.055281_24.229667
348951,粤D0C472,大型汽车,蓝底白字,斯卡达,白,2015-05-19 14:18:58,kk136305,,113.987870_25.128798
484330,粤BZ9R3Y,警用汽车,蓝底白字,大众,黑,2016-09-06 20:01:44,kk91230,,115.402981_24.612875
743145,粤G4264T,小型汽车,红黑字,起亚,红,2015-11-11 20:48:35,kk528461,,116.666267_23.887992
773489,粤DVW8P4,小型汽车,蓝底白字,本田,红,2017-05-26 19:11:25,kk121585,,115.150375_22.948482
506405,粤BMATG6,教练车,黑底白字,丰田,红,2015-09-25 20:23:21,kk207378,,112.174053_25.496024
45662,粤E23852,教练车,蓝底白字,斯卡达,灰,2017-01-16 13:14:38,kk725124,,117.049185_24.972256
166997,粤GT4182,警用汽车,黄底黑字,本田,白,2017-04-18 14:59:08,kk386853,,114.445048_24.990290
7670,粤C0UNMG,大型汽车,蓝底白字,五菱,白,2016-03-12 00:43:51,kk19905,,116.824352_24.710813
668763,粤H51T07,大型汽车,蓝底白字,大众,红,2016-10-06 11:19:52,kk391452,,111.964665_25.210186
875531,粤HZP3I4,教练车,黄底黑字,本田,蓝,2016-07-27 18:48:23,kk723960,,113.413429_23.222160
545191,粤FT5A7T,教练车,黑底白字,起亚,白,2016-11-08 00:48:05,kk541306,,112.609265_24.528728
96897,粤H5X599,大型汽车,黑底白字,斯卡达,白,2017-02-07 21:01:03,kk447104,,114.797272_22.786434
605259,粤DX5TG1,警用汽车,黄底黑字,起亚,蓝,2016-08-18 02:08:03,kk930037,,112.093800_24.419096
446592,粤E9NGFZ,警用汽车,蓝底白字,大众,红,2017-01-17 18:29:20,kk315327,,115.304837_24.213568
916214,粤GB9418,警用汽车,黑底白字,丰田,蓝,2016-02-20 03:26:16,kk537216,,111.749257_25.101825
405426,粤C9UO3G,警用汽车,黑底白字,大众,灰,2015-09-28 15:55:48,kk494170,,111.614781_22.794953
118450,粤EU6TGA,警用汽车,蓝底白字,本田,白,2015-02-07 09:03:31,kk366759,,111.418802_23.111863
982418,粤E2P63Z,小型汽车,黄底黑字,大众,黑,2016-02-01 15:02:43,kk427497,,113.602910_23.091485
357626,粤CBK6R0,小型汽车,黄底黑字,丰田,灰,2015-10-13 07:09:13,kk552675,,111.373238_25.372126
390607,粤BI3608,小型汽车,黑底白字,丰田,黑,2017-05-20 09:54:33,kk858062,,113.589435_24.733926
369195,粤C85S00,大型汽车,黄底黑字,斯卡达,黑,2017-07-03 14:48:03,kk623560,,111.235930_23.353983
236584,粤G0PFWX,大型汽车,红黑字,大众,白,2016-01-14 21:27:23,kk946288,,115.271321_24.840709
500495,粤FA75Q9,大型汽车,黄底黑字,五菱,红,2016-11-05 09:04:55,kk367253,,113.160140_24.129008
133926,粤GS5214,小型汽车,黄底黑字,本田,蓝,2016-02-28 19:47:05,kk53653,,111.844591_23.611052
705547,粤EFLESW,大型汽车,红黑字,五菱,黑,2017-02-10 22:43:58,kk987058,,114.286946_23.592628
900660,粤C89458,大型汽车,红黑字,起亚,灰,2015-06-28 18:17:42,kk7092,,111.639905_23.388439
797741,粤EW2WPC,大型汽车,黄底黑字,斯卡达,蓝,2016-08-26 20:47:59,kk490933,,116.460446_23.148576
750946,粤G94JDB,小型汽车,蓝底白字,丰田,灰,2017-05-03 09:42:42,kk910833,,115.586076_24.195859
495541,粤A8WL3E,大型汽车,蓝底白字,大众,灰,2016-10-05 01:05:43,kk505062,,111.570746_24.465412
141102,粤CV9NO2,大型汽车,蓝底白字,五菱,黑,2017-05-09 02:52:19,kk822050,,112.243267_25.471145
46381,粤E0VHUO,大型汽车,红黑字,丰田,蓝,2017-07-06 12:16:22,kk953204,,114.930892_24.366064
180155,粤EBP6IB,大型汽车,黑底白字,本田,红,2016-10-15 22:46:48,kk856765,,116.161060_23.549995
463900,粤DAUO31,大型汽车,红黑字,丰田,黑,2016-06-28 02:51:24,kk293242,,113.237351_23.689604
765055,粤B6M05V,小型汽车,红黑字,斯卡达,灰,2015-12-05 04:41:01,kk542387,,116.851507_25.089078
663682,粤AKA2Z7,小型汽车,黑底白字,五菱,蓝,2016-11-23 09:22:13,kk252313,,115.036808_22.855596
850722,粤D47W1D,教练车,蓝底白字,斯卡达,白,2015-04-09 07:43:59,kk483298,,115.192567_22.625680
32639,粤HE2L47,大型汽车,黄底黑字,斯卡达,黑,2016-05-21 22:23:21,kk251958,,113.971574_25.444562
515067,粤B4MDFV,教练车,蓝底白字,五菱,灰,2017-10-14 16:27:47,kk655905,,111.590058_22.725032
217221,粤CJ61ZP,警用汽车,黑底白字,本田,红,2016-05-24 12:08:46,kk964666,,114.220821_24.019791
729160,粤FOIK06,小型汽车,蓝底白字,五菱,红,2016-08-19 11:20:44,kk899539,,113.120845_23.581164
165578,粤EB2IUW,大型汽车,红黑字,本田,灰,2016-05-28 16:51:51,kk693243,,114.306908_23.885948
992693,粤C04DIV,小型汽车,红黑字,大众,红,2015-10-15 21:10:03,kk419633,,115.806300_25.048094
708855,粤HJD590,教练车,黑底白字,斯卡达,蓝,2017-11-23 00:22:57,kk514394,,112.787054_23.699654
244890,粤H3H76F,教练车,红黑字,斯卡达,蓝,2016-05-23 09:13:31,kk369573,,114.428923_23.277275
216763,粤E2XN30,警用汽车,黑底白字,本田,灰,2016-11-22 14:09:54,kk377942,,111.972660_25.071020
711026,粤A4OEHX,小型汽车,黑底白字,丰田,灰,2015-07-01 04:29:14,kk827625,,116.774912_23.607499
112587,粤C581BR,小型汽车,蓝底白字,丰田,白,2016-03-09 10:36:07,kk603069,,115.071340_24.453244
594717,粤DFK046,小型汽车,蓝底白字,斯卡达,蓝,2016-03-10 04:10:05,kk735352,,116.970754_25.378046
282788,粤DS0LE4,小型汽车,红黑字,丰田,灰,2015-01-12 19:47:58,kk463008,,113.627737_25.077321
776118,粤D0329X,警用汽车,黑底白字,起亚,灰,2015-04-21 10:15:35,kk613925,,114.389296_22.775348
666350,粤DO14M6,小型汽车,黄底黑字,斯卡达,黑,2016-10-13 13:43:29,kk799577,,116.935491_23.723836
926210,粤G7KARE,小型汽车,黄底黑字,本田,蓝,2016-04-25 06:19:30,kk124730,,112.059622_24.714561
559032,粤DV308M,警用汽车,蓝底白字,起亚,灰,2015-07-17 10:12:30,kk858959,,116.627680_23.542699
697314,粤CP5317,警用汽车,蓝底白字,五菱,白,2017-01-20 16:35:29,kk790683,,112.931023_22.761565
417687,粤BNHULT,大型汽车,蓝底白字,起亚,灰,2016-11-14 20:54:39,kk790152,,112.167230_23.228183
899990,粤H15AT9,小型汽车,红黑字,大众,黑,2015-03-24 05:56:56,kk444657,,116.050552_25.201545
199790,粤BVO597,小型汽车,黑底白字,本田,白,2017-02-11 14:22:11,kk497478,,111.178341_23.296062
826493,粤E26J7B,小型汽车,黄底黑字,起亚,白,2016-03-21 10:02:58,kk221425,,116.194635_24.970108
523346,粤FS3LM6,小型汽车,黄底黑字,丰田,黑,2017-02-21 22:35:36,kk788560,,114.823827_25.182945
130919,粤ELYFRK,小型汽车,蓝底白字,斯卡达,蓝,2017-02-16 01:29:40,kk159531,,111.976200_24.037712
182324,粤D870G5,大型汽车,蓝底白字,五菱,红,2015-10-24 04:06:58,kk9185,,111.762103_23.553197
926215,粤HKLQDX,教练车,红黑字,本田,黑,2017-07-19 17:42:22,kk729485,,117.081898_25.314494
802777,粤G53927,警用汽车,黄底黑字,大众,蓝,2015-04-07 02:48:04,kk606443,,111.622458_22.843617
8202,粤FRH9Z5,教练车,黄底黑字,起亚,黑,2017-04-05 05:17:11,kk854704,,111.535686_23.479388
674808,粤HE5W9D,大型汽车,红黑字,丰田,白,2016-10-18 09:35:05,kk311558,,114.167882_23.121191
366768,粤DM749X,教练车,黑底白字,斯卡达,红,2017-07-24 03:30:11,kk241588,,114.247125_23.895110
45532,粤CZNGT1,小型汽车,黄底黑字,丰田,蓝,2017-06-02 00:32:05,kk883818,,113.209271_22.727625
394389,粤HS20B2,教练车,蓝底白字,起亚,红,2015-01-08 17:47:55,kk85147,,115.289034_23.846553
408190,粤BG6N8F,教练车,蓝底白字,起亚,黑,2015-03-04 07:31:47,kk607005,,111.413312_23.147382
452131,粤ALEG0Y,警用汽车,蓝底白字,五菱,红,2017-07-14 07:38:40,kk466592,,111.364099_22.635838
572580,粤G72F69,教练车,蓝底白字,斯卡达,红,2017-03-04 08:41:27,kk979733,,111.779471_25.273119
703291,粤HSIZA2,大型汽车,黑底白字,五菱,灰,2016-11-29 02:08:21,kk9270,,116.193494_23.174036
551949,粤A12M6G,大型汽车,红黑字,斯卡达,灰,2015-07-06 17:25:40,kk291102,,112.281791_24.928248
374837,粤FX0575,警用汽车,黄底黑字,起亚,蓝,2017-05-27 05:49:00,kk609387,,113.824413_24.333798
551517,粤H5OIGA,警用汽车,红黑字,丰田,红,2015-08-07 00:50:37,kk23077,,113.880385_25.222998
856793,粤AD59AU,警用汽车,黑底白字,斯卡达,黑,2017-10-29 17:14:55,kk307892,,113.900113_25.002719
593770,粤EIVP93,小型汽车,红黑字,丰田,蓝,2016-08-01 05:08:27,kk270983,,112.120992_24.273085
299742,粤HWE127,大型汽车,红黑字,斯卡达,白,2015-02-09 07:29:14,kk619948,,113.981339_22.658132
565696,粤A6T052,小型汽车,黑底白字,斯卡达,红,2017-04-30 11:40:36,kk623551,,115.109122_24.259838
620581,粤ABO2V6,大型汽车,蓝底白字,斯卡达,白,2015-11-14 04:10:37,kk888383,,113.152893_22.918561
723114,粤A97363,教练车,蓝底白字,本田,蓝,2015-04-03 09:18:57,kk193884,,113.647659_24.845498
76706,粤EZ9Z5R,小型汽车,蓝底白字,斯卡达,红,2017-07-10 00:05:30,kk477545,,115.292627_23.459255
937247,粤E173C7,警用汽车,红黑字,丰田,红,2017-05-30 01:50:06,kk742790,,114.449644_24.499520
818770,粤GSL759,小型汽车,红黑字,起亚,白,2016-11-22 09:14:35,kk873944,,115.176429_23.128976
218703,粤DMFEYL,教练车,黄底黑字,本田,白,2017-04-17 20:13:04,kk85847,,111.861726_24.141815
82173,粤C29WPO,小型汽车,黑底白字,大众,蓝,2015-04-30 13:47:16,kk10109,,115.389179_24.140068
304018,粤AHJ3B7,警用汽车,蓝底白字,五菱,红,2016-01-08 10:06:24,kk225644,,111.971930_25.266549
927443,粤E7IUWY,大型汽车,黄底黑字,大众,白,2015-12-04 15:52:16,kk378054,,116.861834_22.858885
339909,粤F98127,警用汽车,蓝底白字,本田,蓝,2016-08-29 05:59:29,kk900577,,111.194949_24.426770
689661,粤H7R0RH,教练车,蓝底白字,本田,蓝,2015-02-08 10:14:11,kk748757,,116.194796_24.337639
950414,粤B50107,大型汽车,蓝底白字,丰田,灰,2017-07-08 10:37:25,kk491616,,116.550907_24.645951
547089,粤ATNSM0,警用汽车,黑底白字,五菱,红,2017-10-04 00:47:54,kk564072,,114.789001_23.794390
222046,粤E84F6M,警用汽车,黄底黑字,五菱,黑,2017-07-23 19:19:09,kk478458,,112.692771_25.275320
869157,粤DAUFZ7,警用汽车,黄底黑字,斯卡达,黑,2015-08-09 07:37:53,kk317466,,116.667519_24.564186
392145,粤D3FS8Z,小型汽车,黄底黑字,丰田,黑,2015-12-06 18:32:32,kk886453,,113.251757_24.316862
253958,粤HC3J69,小型汽车,红黑字,斯卡达,灰,2015-07-21 21:23:04,kk489995,,117.047167_25.263995
275568,粤C6NDFV,大型汽车,黄底黑字,本田,白,2015-05-23 12:05:03,kk415726,,115.658923_23.133328
415422,粤EJ63Z6,大型汽车,红黑字,大众,白,2015-02-26 09:07:17,kk857917,,114.820250_23.271450
714877,粤FPIK0C,小型汽车,蓝底白字,斯卡达,白,2017-12-03 17:52:26,kk193896,,111.822145_24.214016
330310,粤E82JTU,大型汽车,黑底白字,大众,蓝,2017-05-24 07:53:30,kk238367,,112.500371_22.570110
589182,粤E05B7T,警用汽车,黄底黑字,丰田,灰,2017-10-11 02:23:01,kk343793,,113.028974_25.371441
305196,粤DJC610,小型汽车,蓝底白字,五菱,蓝,2017-07-05 17:12:22,kk989475,,116.058694_22.802519
166796,粤FDGHMA,小型汽车,黑底白字,大众,灰,2016-02-21 04:07:26,kk807587,,113.383314_23.460671
873583,粤C185SU,小型汽车,黑底白字,起亚,黑,2015-10-05 07:32:51,kk831353,,113.014426_23.924644
836857,粤EL0620,大型汽车,黄底黑字,五菱,黑,2017-04-01 04:02:01,kk118731,,113.054468_23.522109
683316,粤FMZ4ZS,大型汽车,红黑字,大众,白,2017-01-28 12:50:28,kk804347,,115.254996_24.797830
505071,粤A0I248,小型汽车,蓝底白字,起亚,白,2016-09-06 15:31:39,kk63127,,116.760595_23.088365
784453,粤FUV4C7,教练车,蓝底白字,大众,黑,2017-05-09 00:22:29,kk430963,,111.661303_24.699134
188741,粤EO6GWY,警用汽车,红黑字,丰田,白,2016-11-17 01:54:13,kk420915,,113.248517_22.866064
977733,粤CPC84Q,大型汽车,黑底白字,大众,灰,2015-09-23 19:13:58,kk397879,,114.758349_25.519420
596226,粤AHFZ62,小型汽车,红黑字,丰田,蓝,2015-03-28 05:19:05,kk230300,,114.099945_23.069169
133815,粤H305ZL,教练车,蓝底白字,起亚,黑,2015-08-20 02:45:24,kk324434,,113.885011_24.196835
725994,粤HN5F17,警用汽车,黄底黑字,大众,蓝,2017-03-29 22:52:27,kk264817,,112.489833_25.222465
643439,粤A935JR,大型汽车,蓝底白字,本田,蓝,2017-07-08 08:48:58,kk434021,,116.141298_24.547232
770423,粤A16389,教练车,黑底白字,斯卡达,灰,2016-11-02 22:26:19,kk665442,,114.276026_24.124510
408658,粤DSMLE8,大型汽车,蓝底白字,本田,蓝,2016-02-26 16:17:53,kk194769,,114.264537_23.657227
859510,粤B48FYX,教练车,黑底白字,大众,白,2016-12-22 08:04:11,kk918957,,116.855721_23.242512
35306,粤DO874P,教练车,黑底白字,丰田,灰,2015-12-02 16:03:42,kk245939,,112.339436_24.424468
429639,粤HG0Y23,警用汽车,蓝底白字,本田,白,2015-07-20 22:51:07,kk623972,,114.118819_23.846492
136855,粤F2J6C1,大型汽车,蓝底白字,五菱,灰,2017-11-23 02:44:11,kk176429,,116.618646_24.926193
252562,粤C428W4,警用汽车,蓝底白字,起亚,黑,2017-03-22 21:53:51,kk736014,,112.526358_22.650061
909817,粤FLFS8Z,教练车,黑底白字,斯卡达,红,2017-03-20 14:22:07,kk971792,,112.766092_22.746854
409764,粤EF9YRT,警用汽车,黄底黑字,斯卡达,白,2015-10-19 21:27:59,kk233083,,115.203566_23.575249
390851,粤G61854,教练车,黄底黑字,本田,白,2017-02-04 07:44:51,kk196189,,111.555589_25.307292
747345,粤DNG1Z6,教练车,红黑字,五菱,蓝,2015-04-26 03:43:08,kk393091,,115.353045_25.160232
55720,粤C3FSMZ,大型汽车,红黑字,五菱,白,2017-10-19 03:43:58,kk225659,,115.505047_25.098296
596598,粤BOFV48,小型汽车,红黑字,斯卡达,红,2017-09-27 09:23:58,kk124580,,112.154956_23.609333
670269,粤E4S0K2,大型汽车,红黑字,斯卡达,红,2015-08-16 11:40:48,kk99140,,115.136462_25.037641
795424,粤GV3C74,警用汽车,黄底黑字,大众,红,2017-11-22 06:48:44,kk42134,,116.410599_24.396354
553573,粤FUN2RH,警用汽车,蓝底白字,五菱,白,2017-05-11 04:57:00,kk803622,,112.478242_23.522840
295748,粤D59037,小型汽车,红黑字,大众,红,2016-01-06 15:19:13,kk227882,,114.666792_23.192665
663408,粤DBVIN4,小型汽车,黑底白字,大众,白,2015-01-25 11:04:48,kk59855,,111.668112_24.965418
892091,粤DVPCHU,大型汽车,蓝底白字,大众,黑,2015-04-11 07:06:33,kk870511,,116.061566_25.269314
164207,粤E63Q9I,大型汽车,红黑字,大众,灰,2017-02-14 18:09:25,kk925011,,112.778662_22.750632
856447,粤HZ52Y2,小型汽车,黑底白字,丰田,红,2015-04-03 13:25:43,kk223177,,111.416243_23.783189
387658,粤E5R9J1,教练车,黄底黑字,斯卡达,灰,2017-10-09 05:43:46,kk778708,,116.848986_24.893043
514632,粤F55094,警用汽车,蓝底白字,大众,白,2016-02-28 12:53:58,kk571745,,113.243875_25.529761
346089,粤FL1EQK,教练车,蓝底白字,斯卡达,白,2015-11-18 15:00:16,kk508801,,116.043207_22.990977
49261,粤D72Y7Q,大型汽车,红黑字,五菱,灰,2015-03-04 21:42:00,kk154734,,115.085022_25.139157
208817,粤F0U2B6,小型汽车,黄底黑字,大众,灰,2017-05-01 07:22:55,kk963350,,115.424878_24.080911
64492,粤E4O4V6,大型汽车,蓝底白字,五菱,红,2016-07-08 12:06:03,kk226405,,112.183158_23.772452
401593,粤F6482K,警用汽车,蓝底白字,斯卡达,白,2017-08-15 15:16:23,kk985165,,115.838596_23.571793
697718,粤BB6014,大型汽车,蓝底白字,起亚,黑,2015-06-09 06:19:56,kk704370,,113.731569_24.687111
239316,粤ETRLYD,警用汽车,红黑字,大众,黑,2015-12-19 01:10:11,kk595340,,113.273692_25.406546
313349,粤E885SX,大型汽车,黑底白字,本田,蓝,2015-01-01 14:50:51,kk93150,,113.948154_25.490263
252174,粤B1C269,警用汽车,蓝底白字,大众,蓝,2017-12-30 05:39:45,kk142183,,112.326545_25.002439
63835,粤BY8YO7,小型汽车,红黑字,五菱,红,2016-02-26 13:15:37,kk625074,,115.118015_24.656168
615347,粤E3072D,大型汽车,黑底白字,五菱,白,2015-12-06 21:50:21,kk481936,,111.391532_23.745889
853103,粤FUW751,大型汽车,黄底黑字,大众,蓝,2016-04-06 03:57:14,kk809934,,113.582934_24.754861
342456,粤F0C3IK,小型汽车,蓝底白字,丰田,蓝,2016-02-19 15:06:24,kk507711,,113.474486_24.975331
487551,粤HB26LF,大型汽车,黄底黑字,斯卡达,灰,2017-05-22 19:28:14,kk834792,,115.159944_24.555609
152899,粤FT5L63,大型汽车,红黑字,丰田,红,2015-10-17 13:45:50,kk593034,,111.372809_24.917625
49757,粤DRTF94,警用汽车,蓝底白字,斯卡达,蓝,2017-12-07 16:44:38,kk505362,,111.701839_22.813581
173221,粤C418FZ,小型汽车,黄底黑字,大众,灰,2017-03-29 21:46:23,kk766404,,115.925902_24.749875
780068,粤CZP86F,警用汽车,蓝底白字,本田,白,2016-06-15 13:56:41,kk670356,,111.939505_24.408485
882704,粤DTJLB6,教练车,红黑字,起亚,蓝,2017-05-29 06:41:47,kk683278,,113.878819_24.931769
1212,粤BU5F8M,小型汽车,黄底黑字,五菱,白,2016-05-11 09:01:56,kk320208,,113.889462_25.302700
963300,粤FO4VI8,警用汽车,黑底白字,大众,白,2015-09-12 19:19:16,kk711891,,115.883709_23.495713
871101,粤D5PING,教练车,黑底白字,本田,蓝,2017-09-16 02:14:18,kk801584,,114.928461_25.287475
964084,粤C98527,警用汽车,黑底白字,起亚,红,2017-11-24 03:10:01,kk699307,,113.056762_22.791022
998972,粤GTVO29,小型汽车,蓝底白字,起亚,蓝,2015-02-29 20:00:25,kk839082,,114.943695_25.551445
940380,粤CN5UHB,大型汽车,蓝底白字,五菱,白,2017-08-28 00:22:31,kk234114,,111.501122_23.018287
210030,粤G1Q59G,警用汽车,黄底黑字,起亚,灰,2015-11-23 08:28:21,kk305525,,116.839587_22.668364
477705,粤BUKBD1,教练车,黄底黑字,起亚,蓝,2015-10-04 15:13:25,kk472174,,113.566877_23.493728
993745,粤C9193O,大型汽车,红黑字,起亚,黑,2017-06-15 20:16:39,kk932262,,112.391318_23.307328
760709,粤GF9453,小型汽车,红黑字,五菱,蓝,2017-02-06 12:29:19,kk841820,,111.589836_23.433449
420959,粤G2QK30,警用汽车,红黑字,丰田,黑,2016-07-18 17:44:26,kk400868,,114.003374_23.993358
597240,粤CKICAU,小型汽车,黄底黑字,大众,白,2015-09-13 00:50:35,kk194918,,113.940379_23.764125
564960,粤A541U4,大型汽车,黄底黑字,本田,黑,2017-03-03 22:02:19,kk507674,,116.694526_23.572763
557714,粤E5E99B,小型汽车,蓝底白字,五菱,白,2016-01-08 10:13:36,kk220203,,112.139989_23.244926
711683,粤DP1IY4,教练车,红黑字,丰田,红,2017-09-19 05:55:34,kk342500,,113.068784_23.175232
639934,粤B04C9U,小型汽车,黑底白字,斯卡达,灰,2016-03-15 22:56:34,kk185282,,112.545504_23.861000
894185,粤BLY3F6,小型汽车,红黑字,本田,灰,2017-08-11 11:29:01,kk673033,,113.718904_23.027258
119517,粤CFEXZB,大型汽车,黑底白字,斯卡达,黑,2015-11-25 00:28:40,kk323716,,114.701006_25.319500
536562,粤C8601H,小型汽车,黄底黑字,大众,灰,2016-02-24 06:23:42,kk976226,,115.142170_23.229178
496083,粤E6KBRT,小型汽车,蓝底白字,起亚,灰,2017-09-23 03:23:56,kk433601,,115.427935_25.103375
242452,粤G40205,教练车,黄底黑字,斯卡达,白,2015-03-27 15:32:34,kk808142,,112.751281_24.396633
695368,粤CBV056,教练车,黑底白字,斯卡达,红,2017-01-02 01:27:23,kk504025,,112.574229_23.347163
13294,粤A83GA5,大型汽车,红黑字,起亚,红,2016-01-09 03:58:19,kk453644,,115.869895_24.814682
937409,粤D9537T,教练车,黑底白字,本田,黑,2016-05-01 19:13:55,kk435839,,113.443977_23.577262
431487,粤F5BOH7,小型汽车,黄底黑字,斯卡达,红,2017-10-06 17:33:05,kk47338,,111.235465_23.459146
930971,粤G7V9NA,教练车,黄底黑字,五菱,蓝,2015-04-20 13:02:02,kk173127,,112.942494_24.096334
593608,粤HR7J97,教练车,红黑字,本田,蓝,2015-09-02 01:08:56,kk607173,,112.578755_24.038572
304350,粤GJ9B1I,小型汽车,黄底黑字,五菱,黑,2017-03-13 21:21:50,kk811785,,114.583467_25.436244
828852,粤GH45F1,小型汽车,红黑字,丰田,灰,2015-07-02 01:56:34,kk672107,,115.438200_23.998642
432731,粤H96381,教练车,黄底黑字,起亚,灰,2015-10-16 09:53:09,kk501625,,114.963641_23.246450
487847,粤EOIGA1,教练车,红黑字,本田,红,2017-03-15 06:40:27,kk485244,,115.512245_24.003832
72248,粤DJDBV3,大型汽车,红黑字,丰田,黑,2017-01-04 18:48:26,kk208400,,115.965791_25.496064
336987,粤DK796V,大型汽车,黄底黑字,大众,黑,2017-01-30 10:55:32,kk913847,,113.376588_25.394613
460894,粤BE0L27,警用汽车,蓝底白字,五菱,蓝,2017-08-05 01:32:22,kk652155,,111.953117_22.995076
343470,粤D7GW92,小型汽车,红黑字,起亚,蓝,2015-06-24 18:50:55,kk547638,,112.809272_22.732509
796453,粤BP62Y6,小型汽车,红黑字,斯卡达,灰,2017-03-25 17:11:24,kk988326,,113.253855_25.361441
886160,粤G8TJ0B,警用汽车,蓝底白字,本田,灰,2015-02-24 16:05:24,kk666785,,115.523588_23.210607
251601,粤E636F8,教练车,黄底黑字,起亚,黑,2017-07-04 13:15:19,kk47970,,114.693713_24.170529
677456,粤A0P47J,大型汽车,黑底白字,五菱,灰,2015-09-26 04:59:27,kk20988,,116.589780_23.803597
936328,粤DPJWBO,大型汽车,蓝底白字,丰田,白,2017-01-07 06:56:51,kk203552,,114.904371_23.816087
931322,粤H37810,小型汽车,黑底白字,五菱,蓝,2016-09-18 06:22:48,kk611063,,112.231400_24.275831
467849,粤GS5923,警用汽车,黄底黑字,大众,灰,2016-12-09 13:36:29,kk176684,,115.899410_24.242223
562612,粤D1P5HI,小型汽车,蓝底白字,五菱,黑,2015-06-21 09:00:35,kk914436,,115.391399_23.365005
58153,粤GZG7Y9,小型汽车,蓝底白字,本田,灰,2017-09-29 13:41:03,kk354229,,116.825028_22.827091
452876,粤FR1J31,教练车,黑底白字,五菱,灰,2016-02-06 07:14:33,kk245961,,116.704720_23.939613
279349,粤EQCD6W,大型汽车,黄底黑字,五菱,蓝,2017-08-20 09:45:33,kk429169,,111.349925_22.723593
67787,粤G58745,大型汽车,蓝底白字,斯卡达,黑,2017-10-01 09:10:26,kk195441,,113.636926_22.850245
916954,粤GX8943,大型汽车,黑底白字,丰田,白,2015-12-07 02:32:35,kk432650,,111.487625_23.750904
961340,粤DRWJDB,警用汽车,黄底黑字,本田,红,2015-10-05 08:08:22,kk333296,,112.844025_24.726681
571304,粤D5CEYW,小型汽车,蓝底白字,五菱,黑,2016-07-16 10:15:25,kk473608,,115.494714_23.503534
951999,粤CN2979,大型汽车,黄底黑字,五菱,灰,2015-01-22 13:07:46,kk625750,,112.996412_24.048665
917217,粤D74Z0R,小型汽车,红黑字,丰田,白,2016-02-17 04:24:54,kk752378,,116.687367_24.205012
5925,粤G24870,小型汽车,蓝底白字,五菱,黑,2016-07-10 15:19:48,kk250964,,112.334434_23.144752
782082,粤CU060Y,大型汽车,蓝底白字,五菱,红,2017-08-24 20:13:57,kk664705,,115.249117_23.642292
112460,粤GN3FVA,教练车,红黑字,本田,黑,2016-01-24 21:30:08,kk757520,,115.616861_22.972797
452523,粤ABS830,小型汽车,黄底黑字,斯卡达,黑,2016-03-18 05:28:10,kk62539,,114.355628_23.079634
687015,粤D0YLFD,教练车,黑底白字,五菱,灰,2017-08-08 00:10:27,kk756643,,116.604607_22.944275
869798,粤CU05LX,教练车,黄底黑字,本田,白,2016-08-01 12:11:34,kk988053,,113.042811_23.013740
286514,粤GOFH5O,教练车,黄底黑字,丰田,灰,2016-08-02 15:31:40,kk589601,,116.637954_24.945799
624083,粤C5SA7H,教练车,黄底黑字,丰田,黑,2016-04-25 20:40:04,kk447260,,115.649590_23.225353
672560,粤A291E6,警用汽车,黄底黑字,五菱,红,2015-09-06 02:39:02,kk661651,,116.944071_25.499693
907807,粤DUN937,教练车,黑底白字,丰田,蓝,2015-03-14 04:17:40,kk39656,,113.984332_23.401830
507474,粤COIGAN,小型汽车,黑底白字,本田,灰,2017-09-07 17:49:44,kk383971,,112.651480_22.609190
838182,粤D93A6H,教练车,黄底黑字,大众,红,2017-06-27 08:40:13,kk510279,,112.399637_24.342376
218363,粤AJ13H9,警用汽车,蓝底白字,丰田,红,2017-03-28 08:14:49,kk914961,,112.045233_22.724975
809099,粤B7N16O,小型汽车,黑底白字,起亚,灰,2017-05-05 13:29:34,kk540609,,113.418978_24.525569
814373,粤CR6YA5,教练车,蓝底白字,丰田,红,2017-01-27 18:43:49,kk142330,,111.294628_25.048036
782527,粤FEVLYO,警用汽车,黄底黑字,起亚,灰,2015-05-05 21:51:26,kk344694,,113.366120_25.504673
692286,粤H5HJ97,大型汽车,黄底黑字,丰田,红,2015-01-18 06:58:11,kk597374,,116.312390_23.915621
679598,粤DA1HTV,小型汽车,红黑字,起亚,黑,2017-06-16 05:31:56,kk886929,,111.537784_24.466836
715615,粤H7236U,教练车,蓝底白字,起亚,灰,2015-07-11 17:40:20,kk242848,,115.319492_22.928808
281501,粤H1B689,大型汽车,黄底黑字,大众,红,2015-02-23 08:55:19,kk787879,,114.245309_23.865194
102353,粤HFHJOB,教练车,黑底白字,起亚,蓝,2015-07-25 05:15:55,kk325844,,114.508275_25.330252
300374,粤C953UV,小型汽车,黑底白字,本田,蓝,2016-11-14 06:49:18,kk234553,,116.532018_23.006190
906536,粤BM8F07,大型汽车,红黑字,起亚,黑,2015-03-27 07:18:26,kk737073,,113.720371_22.693103
530326,粤C3B52Q,教练车,黄底黑字,丰田,红,2015-04-18 00:36:11,kk461554,,116.941147_22.995981
128767,粤C6J7ND,大型汽车,黄底黑字,五菱,红,2015-08-26 13:57:27,kk567964,,113.798328_22.667878
238756,粤D36722,警用汽车,黄底黑字,丰田,黑,2016-07-07 00:53:13,kk619480,,115.559457_23.382059
740871,粤BO4G0Y,大型汽车,蓝底白字,斯卡达,灰,2017-09-20 22:10:15,kk806988,,112.500490_22.743508
208129,粤BPC427,小型汽车,黄底黑字,起亚,灰,2017-04-04 00:35:45,kk97013,,112.205826_25.450415
159824,粤FJICD9,大型汽车,黑底白字,丰田,蓝,2016-03-03 06:49:53,kk366603,,112.512850_23.089701
88352,粤F961CM,大型汽车,红黑字,丰田,红,2016-01-13 12:40:22,kk613079,,111.267271_24.998971
956123,粤F17H25,警用汽车,蓝底白字,起亚,白,2017-06-12 05:10:33,kk882236,,113.257235_22.808508
969919,粤ANAUH7,小型汽车,红黑字,起亚,红,2015-01-08 06:14:43,kk645501,,111.546174_23.001419
831743,粤BH7ZBG,大型汽车,黄底黑字,起亚,黑,2015-09-18 16:44:37,kk974704,,112.991526_25.393233
337977,粤H3K52L,教练车,黄底黑字,大众,白,2015-09-24 06:11:01,kk12544,,114.278819_23.528378
152846,粤BOEGW9,小型汽车,黄底黑字,丰田,白,2015-03-11 15:07:30,kk917486,,113.635014_23.135290
817464,粤E0395T,警用汽车,红黑字,大众,白,2015-11-23 07:10:22,kk673756,,112.879216_24.917017
572395,粤EK1C74,教练车,蓝底白字,大众,灰,2017-02-18 22:09:34,kk900238,,116.309051_23.648837
369485,粤E2KPCW,警用汽车,蓝底白字,本田,灰,2016-04-15 04:01:09,kk66518,,112.378119_22.886657
527827,粤B536WQ,教练车,红黑字,斯卡达,红,2016-04-19 14:11:24,kk329972,,114.835931_23.974515
849077,粤G2RW94,小型汽车,黄底黑字,大众,蓝,2015-11-26 06:05:28,kk544703,,115.453546_24.117162
648943,粤B6Y837,教练车,红黑字,丰田,白,2016-06-09 19:46:36,kk861307,,113.691690_23.834583
84511,粤F3N72S,警用汽车,蓝底白字,本田,蓝,2015-01-12 09:01:26,kk735859,,114.136816_24.708362
361177,粤A72965,小型汽车,红黑字,大众,蓝,2016-04-22 14:08:25,kk97174,,115.454509_23.862188
888311,粤G1GTNA,警用汽车,蓝底白字,大众,红,2015-11-22 15:30:33,kk883305,,115.911304_25.285793
219385,粤B4A93R,警用汽车,黑底白字,起亚,黑,2015-04-23 07:13:28,kk151416,,113.130304_24.138847
660115,粤EUV9N5,大型汽车,红黑字,大众,蓝,2016-06-15 08:28:18,kk489573,,115.923457_23.717191
757330,粤D0BVI5,警用汽车,黑底白字,丰田,黑,2016-04-03 17:32:44,kk514662,,112.370221_24.172961
491559,粤CZ8G0Z,小型汽车,红黑字,起亚,灰,2017-06-09 12:53:29,kk827569,,112.148459_22.823098
888002,粤GZ7397,大型汽车,黑底白字,起亚,黑,2015-08-10 20:35:05,kk914890,,115.292873_23.209900
933333,粤GYSTVM,教练车,黄底黑字,丰田,红,2016-11-10 13:07:53,kk135896,,113.735623_25.438207
139944,粤FS4Z6G,警用汽车,黄底黑字,斯卡达,白,2015-08-25 08:43:47,kk114096,,111.659786_23.501336
834555,粤B9Z5R9,小型汽车,黄底黑字,大众,红,2015-06-13 08:48:12,kk564709,,112.011422_22.814605
264721,粤FATGL9,大型汽车,黑底白字,本田,白,2016-02-24 14:37:38,kk832452,,112.785636_24.960309
914637,粤H9S92L,小型汽车,黑底白字,丰田,蓝,2017-04-16 08:04:43,kk188538,,115.425441_24.961765
714,粤ED85E5,警用汽车,黄底黑字,大众,灰,2016-09-14 21:05:50,kk241383,,116.947640_24.293768
977786,粤GXZP2I,大型汽车,黑底白字,起亚,白,2016-07-16 14:34:29,kk652467,,114.248381_23.809674
28371,粤F5R94Z,大型汽车,黄底黑字,斯卡达,蓝,2015-04-07 03:58:06,kk716955,,115.724797_23.482593
930299,粤B361W3,大型汽车,蓝底白字,本田,蓝,2015-11-10 05:01:44,kk268082,,114.812953_22.997369
402086,粤FAM7TG,教练车,红黑字,大众,蓝,2017-02-13 20:27:53,kk794986,,115.928302_23.329197
10813,粤GU0N6F,小型汽车,红黑字,起亚,白,2015-07-12 05:11:50,kk625590,,112.068757_23.678416
993857,粤G91264,大型汽车,黑底白字,本田,红,2017-12-28 04:52:38,kk519277,,111.797920_23.386219
893662,粤GQSUO6,大型汽车,红黑字,本田,灰,2017-02-07 01:00:42,kk38531,,113.584292_23.907368
733879,粤F6M8TG,教练车,黑底白字,斯卡达,黑,2017-02-21 16:20:36,kk624393,,115.414064_23.419689
575495,粤FX3P82,警用汽车,黄底黑字,起亚,白,2015-09-28 16:33:30,kk387459,,116.348812_24.144564
683232,粤D85H06,警用汽车,黑底白字,丰田,黑,2016-12-03 14:35:20,kk244362,,111.875171_25.297190
205317,粤CN34LM,警用汽车,黄底黑字,丰田,红,2016-08-09 02:07:56,kk179029,,116.925568_23.194836
223815,粤H0U279,教练车,黄底黑字,大众,黑,2016-05-02 17:02:03,kk88742,,115.315292_22.980030
268112,粤FVONG6,教练车,黄底黑字,本田,灰,2017-04-21 05:50:22,kk886879,,112.586451_25.519945
900684,粤B27HBZ,小型汽车,红黑字,斯卡达,黑,2017-10-18 07:42:36,kk277423,,112.338467_22.861109
782185,粤DQ5731,警用汽车,红黑字,大众,蓝,2017-09-16 11:16:41,kk890716,,111.778358_24.807041
701953,粤D9UD21,教练车,黄底黑字,斯卡达,灰,2017-02-15 03:08:27,kk275601,,113.374258_23.827694
420410,粤G1O3GX,教练车,红黑字,丰田,红,2017-10-02 00:06:37,kk580022,,114.513240_25.094386
811416,粤FK16Y1,教练车,黑底白字,大众,白,2017-01-25 11:37:00,kk620305,,113.340836_24.703500
715508,粤HNHU5B,大型汽车,黑底白字,斯卡达,灰,2015-10-10 02:38:00,kk438761,,113.613757_23.975223
119031,粤B8T18J,大型汽车,黑底白字,丰田,黑,2015-11-17 15:24:29,kk379905,,113.994809_22.831246
759539,粤BXNPF8,小型汽车,蓝底白字,斯卡达,红,2017-10-03 09:25:33,kk177531,,115.912054_23.665624
24447,粤E58JZ0,警用汽车,黑底白字,五菱,黑,2015-05-06 21:34:22,kk537994,,113.022953_25.109203
57744,粤CS632D,小型汽车,黑底白字,丰田,黑,2015-11-01 22:53:51,kk229531,,112.893028_22.859691
318710,粤FGTN07,大型汽车,黄底黑字,五菱,灰,2017-02-25 19:55:23,kk743050,,114.510194_24.778839
446904,粤C9N5FZ,小型汽车,红黑字,本田,蓝,2016-05-05 13:41:57,kk176775,,115.396223_23.765707
179310,粤GY27FZ,警用汽车,黄底黑字,大众,白,2017-08-27 17:22:56,kk115293,,116.192402_23.576891
238370,粤H74F48,警用汽车,黄底黑字,丰田,灰,2016-07-03 04:24:03,kk922937,,113.742532_23.690174
563733,粤GLB4B7,教练车,蓝底白字,起亚,红,2016-04-09 01:27:04,kk52137,,113.318528_24.146479
995917,粤HF9M0F,警用汽车,蓝底白字,斯卡达,白,2016-11-16 14:36:19,kk679261,,116.405380_24.068466
536658,粤B9J83Z,大型汽车,红黑字,大众,红,2017-10-22 05:39:12,kk223645,,113.036181_22.990004
608587,粤BQ7IV3,警用汽车,红黑字,本田,蓝,2015-07-10 01:18:46,kk79915,,113.782759_24.814145
315979,粤F1B5BU,大型汽车,红黑字,大众,红,2016-03-24 08:39:17,kk199386,,113.228199_23.035057
568662,粤A41630,教练车,红黑字,本田,红,2016-06-06 14:46:37,kk993208,,111.303880_23.431886
72778,粤AWIC72,小型汽车,蓝底白字,丰田,红,2015-04-12 09:16:16,kk398121,,113.763431_22.847594
614941,粤HN7FSM,教练车,黄底黑字,五菱,黑,2017-02-03 01:22:35,kk845082,,116.932354_24.137735
770435,粤B5B95S,小型汽车,蓝底白字,本田,红,2015-11-15 12:51:34,kk301692,,117.051253_23.986613
151461,粤F8W0D4,小型汽车,黄底黑字,丰田,蓝,2017-05-29 17:50:26,kk521268,,111.783062_24.111281
578010,粤D24A9Z,小型汽车,黄底黑字,起亚,红,2017-08-14 02:50:05,kk124557,,111.813908_23.998655
101836,粤H4381M,教练车,红黑字,大众,蓝,2016-04-02 15:30:23,kk164534,,116.985879_25.474630
643064,粤C4E5LU,大型汽车,黄底黑字,丰田,蓝,2017-04-28 08:09:09,kk380343,,112.482813_23.092565
109348,粤B5Z9GH,大型汽车,红黑字,起亚,灰,2015-03-29 03:30:54,kk433409,,115.974654_23.679220
259072,粤AVPC93,教练车,黑底白字,斯卡达,蓝,2016-06-04 19:08:16,kk36851,,114.844537_25.446640
242967,粤HP0H2Z,小型汽车,黄底黑字,丰田,蓝,2017-12-04 03:51:08,kk38810,,114.166576_25.379948
712584,粤B4S6KU,大型汽车,红黑字,斯卡达,黑,2017-03-09 02:20:00,kk200898,,114.391684_22.827177
619447,粤DLN052,小型汽车,黄底黑字,大众,蓝,2016-09-20 18:17:13,kk624957,,115.944090_24.054675
345291,粤G2L4S4,大型汽车,蓝底白字,本田,红,2015-12-18 18:17:21,kk524416,,116.129571_23.688251
601650,粤B236Y2,教练车,蓝底白字,丰田,灰,2016-02-19 07:34:34,kk311007,,114.300725_23.820229
616154,粤BFTX74,大型汽车,蓝底白字,本田,蓝,2015-01-18 01:23:51,kk773213,,113.461980_24.244847
483263,粤BLN9FZ,警用汽车,黑底白字,斯卡达,白,2017-10-06 19:25:35,kk459786,,112.982120_23.259446
198744,粤D4O626,大型汽车,黄底黑字,起亚,黑,2015-07-05 21:20:57,kk249788,,115.967035_25.050564
820062,粤C7G066,小型汽车,红黑字,斯卡达,黑,2016-12-01 06:10:22,kk490052,,113.575568_24.297621
398965,粤BF6XN6,大型汽车,黑底白字,五菱,灰,2017-08-01 09:02:49,kk11630,,111.865600_23.953978
817871,粤G3630W,大型汽车,红黑字,起亚,红,2016-09-27 11:19:27,kk798672,,114.037040_24.283806
428298,粤GYLFS0,小型汽车,黑底白字,丰田,黑,2017-08-27 22:27:23,kk76389,,113.118430_24.685604
437389,粤H6GZYS,警用汽车,黑底白字,丰田,红,2016-11-02 06:04:53,kk109134,,113.310264_24.923097
317737,粤EF8327,教练车,黄底黑字,大众,黑,2016-06-01 09:04:12,kk55323,,112.677144_23.341732
126017,粤ELNG37,小型汽车,黑底白字,大众,白,2017-08-05 14:34:19,kk812798,,112.249500_23.689691
507564,粤D50147,警用汽车,红黑字,本田,白,2016-01-25 11:25:00,kk906452,,116.635074_25.470880
336874,粤G59E3W,教练车,黑底白字,五菱,红,2016-01-18 18:05:15,kk119285,,114.386476_22.861733
398123,粤A7D2W4,教练车,黄底黑字,起亚,灰,2017-11-26 17:47:44,kk748790,,113.384670_24.636963
245120,粤E5JLQD,大型汽车,黑底白字,本田,红,2015-02-14 21:08:03,kk82419,,113.791152_23.302578
396751,粤E5W9OQ,教练车,黑底白字,五菱,蓝,2016-05-03 00:20:41,kk929096,,115.869837_23.567358
321779,粤BH2G63,教练车,黑底白字,本田,红,2016-08-12 00:47:30,kk818124,,112.072343_24.675707
246017,粤D7D1WM,教练车,红黑字,大众,白,2017-08-05 04:46:05,kk782516,,112.382194_24.275375
675188,粤E794Q6,小型汽车,黑底白字,起亚,灰,2016-06-15 19:02:34,kk480680,,113.262298_24.630644
668431,粤AUZMGT,大型汽车,黑底白字,起亚,黑,2016-05-08 08:19:33,kk778560,,112.343035_24.914186
320248,粤HHREY8,教练车,蓝底白字,斯卡达,灰,2015-02-01 17:26:44,kk813754,,111.973598_25.193329
612774,粤G2550J,小型汽车,蓝底白字,大众,白,2016-02-28 22:16:35,kk993780,,113.634093_23.000182
785630,粤DA3630,教练车,黑底白字,斯卡达,白,2017-09-20 22:49:29,kk342594,,115.393382_25.444470
637208,粤CVXN2R,小型汽车,黑底白字,本田,黑,2015-12-19 02:57:37,kk102593,,115.717625_25.391146
719077,粤A1R4Y8,教练车,黑底白字,斯卡达,灰,2017-12-23 10:47:52,kk523816,,116.758415_25.162875
214326,粤DC8U4M,小型汽车,红黑字,丰田,黑,2017-04-08 01:01:28,kk327625,,114.701602_24.295804
400985,粤CAUO6G,警用汽车,红黑字,起亚,灰,2015-11-04 07:20:19,kk419170,,111.229413_23.001900
993291,粤E49N12,教练车,黄底黑字,五菱,蓝,2016-03-08 08:19:10,kk41001,,112.769634_24.907566
326392,粤AIB852,教练车,黑底白字,起亚,白,2016-09-19 13:48:47,kk709700,,116.237612_23.411922
304219,粤C70W40,警用汽车,蓝底白字,本田,白,2015-02-05 10:23:59,kk957981,,116.636943_22.649454
265551,粤AE4D79,小型汽车,黑底白字,五菱,蓝,2016-05-20 11:10:51,kk116706,,112.466081_25.412920
439978,粤A7P1HX,教练车,红黑字,起亚,蓝,2017-04-09 09:00:20,kk114347,,113.022551_23.097378
463233,粤HM83A8,大型汽车,黑底白字,五菱,白,2017-05-20 00:38:45,kk545910,,113.381819_23.873607
500539,粤EPJY30,小型汽车,黄底黑字,大众,黑,2016-07-25 11:31:48,kk68948,,111.315609_24.991768
886919,粤B05CVX,教练车,红黑字,丰田,红,2017-03-23 06:57:17,kk521233,,116.573099_24.803669
835045,粤HZ759W,警用汽车,蓝底白字,大众,黑,2017-09-08 06:53:20,kk22812,,114.061568_25.022763
684040,粤FKD712,警用汽车,黑底白字,斯卡达,灰,2016-02-08 01:43:16,kk724589,,112.226482_23.097864
366759,粤E9IVPC,警用汽车,黄底黑字,起亚,黑,2015-06-09 00:43:17,kk796229,,114.331996_23.098792
258416,粤AE96VW,警用汽车,红黑字,起亚,黑,2016-04-30 14:22:53,kk708111,,112.297443_23.466492
336036,粤EZ9G3Y,小型汽车,黑底白字,丰田,白,2017-05-28 15:52:27,kk855209,,113.892159_25.494200
626053,粤G3D96S,教练车,红黑字,大众,红,2017-09-06 12:36:18,kk95195,,112.094193_24.588517
246484,粤A161P3,小型汽车,黄底黑字,本田,灰,2015-08-29 18:42:48,kk828726,,116.093905_23.090879
960457,粤BEY92Z,教练车,黄底黑字,起亚,灰,2016-07-04 09:45:31,kk836792,,116.660615_24.798850
49468,粤DZ0GLY,教练车,黄底黑字,起亚,白,2017-09-29 12:27:40,kk208153,,114.065648_24.327252
487613,粤HRE80Y,小型汽车,蓝底白字,本田,黑,2015-08-24 01:10:06,kk339337,,117.020221_24.656145
852107,粤C650W0,教练车,蓝底白字,本田,黑,2015-11-23 20:25:14,kk170289,,114.023963_22.903206
140797,粤GCDWAU,小型汽车,黑底白字,丰田,灰,2015-07-06 15:45:50,kk530730,,116.085435_23.413067
683935,粤A082N6,小型汽车,黄底黑字,本田,白,2017-10-21 18:22:26,kk715392,,116.533755_23.205476
635367,粤A80B29,小型汽车,蓝底白字,丰田,灰,2015-10-16 17:17:46,kk180769,,115.951788_25.096811
107365,粤GPR450,大型汽车,黄底黑字,本田,白,2017-11-14 10:03:32,kk561621,,116.275277_22.935333
873695,粤G48V38,教练车,红黑字,起亚,蓝,2015-11-17 08:42:22,kk42451,,116.027935_22.819344
707122,粤D4884H,教练车,红黑字,起亚,灰,2015-07-02 13:20:22,kk487287,,111.270130_23.582743
840388,粤AYLCS2,警用汽车,蓝底白字,本田,白,2016-06-22 02:35:52,kk630535,,113.694125_23.366025
743806,粤CSQKLO,大型汽车,红黑字,丰田,黑,2016-02-30 13:06:31,kk62337,,113.999351_23.538928
397977,粤BD2679,小型汽车,黑底白字,本田,黑,2015-07-28 01:21:15,kk703781,,112.510566_25.372001
506724,粤A3Z5GI,教练车,黑底白字,五菱,灰,2016-12-21 20:04:48,kk960453,,116.860158_24.130081
643191,粤H268U1,警用汽车,蓝底白字,起亚,红,2017-02-21 12:24:01,kk767273,,114.858483_23.599104
151165,粤HTJLB5,教练车,黑底白字,丰田,红,2015-02-23 22:48:46,kk293189,,113.987177_22.797450
734016,粤B9731X,小型汽车,黑底白字,起亚,灰,2015-12-11 07:11:30,kk161224,,112.921219_22.881392
55270,粤BPR529,大型汽车,红黑字,大众,蓝,2016-01-14 22:19:45,kk657554,,117.074883_25.201390
347662,粤E7PUW1,教练车,黑底白字,本田,蓝,2017-04-30 08:10:23,kk552678,,117.089424_25.126771
981639,粤D9H3ZT,警用汽车,黄底黑字,本田,黑,2017-03-19 18:11:34,kk838432,,116.166874_25.061877
179609,粤G9WX1E,警用汽车,红黑字,五菱,灰,2015-06-18 04:26:50,kk896505,,114.257137_25.263182
578857,粤F723I9,大型汽车,红黑字,丰田,灰,2016-05-09 14:51:33,kk357260,,115.576429_23.874487
143890,粤HYS18L,小型汽车,黑底白字,五菱,白,2015-12-17 01:44:30,kk182114,,116.533355_22.867940
8071,粤BSMKE9,小型汽车,红黑字,本田,灰,2017-03-22 20:19:29,kk308361,,115.930917_22.870789
184760,粤E1650E,教练车,红黑字,大众,白,2017-08-24 13:07:48,kk532260,,112.862844_24.079156
729787,粤FO4621,大型汽车,红黑字,起亚,白,2017-12-23 07:44:07,kk174349,,116.227180_24.980223
859910,粤B8SIKL,小型汽车,红黑字,大众,黑,2017-02-24 00:36:21,kk470390,,116.662410_24.084291
736044,粤D0J6B0,小型汽车,黄底黑字,大众,灰,2016-11-05 16:15:58,kk561994,,116.483142_25.503292
105381,粤FF0M42,大型汽车,红黑字,大众,黑,2016-05-26 09:37:09,kk422891,,113.080476_24.012729
763111,粤DLFG5Z,警用汽车,蓝底白字,五菱,红,2017-04-13 18:57:12,kk49977,,114.899732_24.768522
842343,粤H27814,小型汽车,蓝底白字,大众,白,2016-07-12 07:09:46,kk772689,,113.796010_23.196810
269878,粤A59812,大型汽车,蓝底白字,五菱,黑,2015-10-14 21:58:10,kk589917,,112.699979_25.039498
335882,粤GFZMRE,小型汽车,黑底白字,本田,灰,2017-12-20 06:51:05,kk30570,,114.078767_24.184658
217080,粤GVFG6Z,小型汽车,红黑字,起亚,红,2015-03-07 06:48:42,kk152097,,111.673477_25.511161
465955,粤FQ1I36,大型汽车,黑底白字,五菱,红,2016-08-21 13:53:07,kk940652,,115.597408_22.861467
932531,粤H7S6K0,小型汽车,黑底白字,本田,灰,2016-07-01 19:45:19,kk557281,,114.631104_24.002522
320682,粤AD2V6N,警用汽车,蓝底白字,斯卡达,蓝,2015-07-21 11:32:53,kk586403,,113.366223_25.547179
597500,粤ECOP6I,警用汽车,黑底白字,斯卡达,蓝,2016-05-21 22:52:05,kk686036,,116.760166_22.741483
772108,粤B3Z5G8,教练车,蓝底白字,大众,蓝,2016-01-21 18:32:19,kk813618,,112.572195_25.065796
139410,粤DLTKA9,大型汽车,黄底黑字,五菱,白,2016-10-30 18:24:10,kk506960,,112.894674_24.425890
944618,粤H99X4Q,警用汽车,黄底黑字,丰田,灰,2017-10-12 22:40:54,kk536752,,112.178664_23.995156
565997,粤GH74I3,小型汽车,蓝底白字,斯卡达,红,2017-09-30 08:42:38,kk615230,,111.652884_23.430841
736131,粤A2ZTGL,大型汽车,黄底黑字,大众,红,2016-05-29 02:10:37,kk745026,,112.161442_23.638592
26091,粤AO18Y0,大型汽车,红黑字,大众,红,2015-11-25 03:29:16,kk222864,,113.331626_24.687265
802263,粤A34903,大型汽车,黑底白字,丰田,蓝,2015-03-24 05:36:10,kk274707,,113.855243_23.576180
132185,粤GEU723,小型汽车,黑底白字,本田,红,2015-04-22 12:21:42,kk792114,,116.558659_24.843037
663585,粤G73R7J,警用汽车,红黑字,五菱,黑,2017-01-17 06:17:18,kk663965,,113.988945_23.585464
329933,粤AMC29D,大型汽车,蓝底白字,起亚,蓝,2017-06-22 01:06:51,kk753400,,113.554561_22.613592
846151,粤E4WYO5,教练车,红黑字,五菱,灰,2016-07-08 02:05:57,kk656721,,112.240972_23.458754
349742,粤B6581K,教练车,黄底黑字,五菱,黑,2016-12-17 00:17:31,kk999167,,112.347690_24.325500
215445,粤DB7T96,小型汽车,蓝底白字,本田,黑,2016-04-07 06:29:02,kk171886,,112.159527_22.970966
25615,粤B8CL1S,小型汽车,黄底黑字,本田,白,2017-12-20 17:45:44,kk95105,,113.212117_23.362822
913904,粤F32561,小型汽车,黑底白字,本田,灰,2015-09-15 17:11:50,kk804397,,114.545232_24.999421
16392,粤APDP63,警用汽车,黄底黑字,本田,红,2015-05-04 06:38:12,kk400113,,116.177631_22.665530
562179,粤F94531,大型汽车,蓝底白字,本田,蓝,2015-06-20 15:39:06,kk174467,,115.722519_24.616311
214565,粤HHA3AB,大型汽车,蓝底白字,五菱,红,2015-12-20 01:49:45,kk536422,,113.539357_23.679725
634274,粤D18TNA,大型汽车,黄底黑字,本田,蓝,2015-05-27 05:52:57,kk691433,,112.759278_24.526914
877792,粤HOI62U,小型汽车,蓝底白字,五菱,红,2015-03-27 10:50:19,kk901284,,111.634511_25.496205
166742,粤A8NAU3,警用汽车,蓝底白字,大众,红,2017-05-12 11:09:40,kk548638,,113.251299_25.292335
768305,粤CJ06XZ,小型汽车,黄底黑字,斯卡达,蓝,2015-12-07 16:57:29,kk161635,,115.080072_24.846137
212078,粤HB28K2,警用汽车,红黑字,起亚,白,2017-06-08 00:15:09,kk15723,,113.225454_23.235519
835327,粤FOFV7U,教练车,黄底黑字,本田,红,2017-10-24 20:07:57,kk923130,,114.776914_23.318686
696467,粤A292R4,警用汽车,黑底白字,大众,黑,2017-01-22 18:37:23,kk344759,,114.827296_22.769114
225695,粤A4A036,教练车,黄底黑字,斯卡达,灰,2016-04-06 03:17:09,kk14967,,116.542963_24.995049
592053,粤CBV3N5,小型汽车,红黑字,本田,白,2016-03-23 16:17:48,kk856613,,114.765398_22.795459
657809,粤G84VH8,教练车,黑底白字,五菱,白,2017-11-20 14:56:54,kk81896,,112.468574_23.389396
563871,粤FM369I,小型汽车,黄底黑字,斯卡达,黑,2016-10-21 03:41:18,kk23954,,114.444339_24.278690
444089,粤C3BRDF,教练车,黑底白字,本田,黑,2017-11-26 12:50:43,kk424827,,111.829731_25.170450
501610,粤GW1O5G,教练车,黄底黑字,丰田,红,2015-03-10 15:00:26,kk617315,,115.340310_23.123817
697085,粤G6L0KA,教练车,黄底黑字,大众,灰,2017-09-25 02:34:02,kk281442,,112.918527_24.346789
596360,粤B1T571,教练车,黄底黑字,丰田,黑,2015-08-13 09:14:37,kk230604,,112.045675_24.998718
504394,粤D1439U,小型汽车,蓝底白字,五菱,白,2015-04-29 14:45:39,kk988212,,111.892764_23.720212
872493,粤D36618,教练车,蓝底白字,大众,灰,2017-05-28 13:04:36,kk752479,,114.661652_23.810889
107551,粤E4169E,教练车,蓝底白字,本田,白,2017-01-08 09:05:00,kk715232,,115.901107_24.764591
334846,粤H639B1,小型汽车,蓝底白字,本田,红,2016-07-16 07:56:32,kk599993,,115.220631_23.826032
370036,粤CJHB04,小型汽车,黑底白字,丰田,黑,2016-06-16 13:07:10,kk715274,,111.449372_24.434735
141349,粤DMZTGL,教练车,蓝底白字,五菱,白,2015-01-07 11:29:53,kk780913,,115.714252_24.717339
69568,粤D7514F,教练车,黄底黑字,本田,红,2015-07-18 16:41:13,kk278473,,112.248489_25.270106
461266,粤A0J2B5,大型汽车,红黑字,起亚,黑,2017-04-24 09:58:50,kk101115,,111.675011_24.119786
799831,粤AG9Y18,警用汽车,黑底白字,斯卡达,黑,2016-03-16 12:09:02,kk834037,,116.069194_24.049429
929200,粤FN2286,警用汽车,红黑字,大众,蓝,2015-10-03 15:23:46,kk83471,,116.305917_24.247318
516792,粤C4R8JD,小型汽车,蓝底白字,斯卡达,黑,2015-07-04 22:50:28,kk890410,,115.577729_22.732720
855012,粤H858E4,大型汽车,黑底白字,起亚,白,2015-02-23 07:38:26,kk414630,,116.143992_23.898780
14768,粤DI6A0H,警用汽车,黑底白字,大众,红,2015-01-12 13:45:25,kk755268,,114.118151_25.451893
599825,粤BLE2IY,小型汽车,黄底黑字,五菱,灰,2017-09-24 03:16:24,kk986089,,111.377316_22.771851
867400,粤H04Q81,警用汽车,黄底黑字,大众,黑,2016-05-18 19:56:41,kk226779,,116.659627_24.925075
778258,粤DVLND4,小型汽车,红黑字,斯卡达,白,2016-10-17 01:59:50,kk845984,,116.991615_23.895446
618686,粤D14A8H,小型汽车,蓝底白字,丰田,白,2015-11-07 07:23:40,kk697511,,114.999498_24.273462
197046,粤D5410B,大型汽车,黑底白字,丰田,蓝,2017-01-03 07:31:57,kk627979,,114.958006_23.728187
259232,粤HERLJD,警用汽车,红黑字,斯卡达,红,2015-01-28 19:02:41,kk362416,,111.489597_24.367370
690208,粤A7L3DX,教练车,黑底白字,大众,蓝,2017-04-06 09:14:17,kk273681,,115.024559_25.063998
272875,粤D50527,大型汽车,黑底白字,斯卡达,蓝,2016-01-07 10:29:14,kk472273,,114.479641_24.175184
260918,粤EOE341,警用汽车,黄底黑字,起亚,灰,2015-10-28 01:17:11,kk114979,,115.871650_24.920755
788836,粤FB6I0A,小型汽车,红黑字,斯卡达,灰,2015-09-22 08:47:54,kk824020,,111.239641_25.531398
190234,粤C1971U,小型汽车,蓝底白字,大众,蓝,2015-06-23 17:08:33,kk632710,,115.307871_23.017115
624564,粤HLY9Q1,警用汽车,蓝底白字,大众,红,2017-03-13 12:49:22,kk929364,,114.463192_25.518168
22833,粤D1EYLB,小型汽车,红黑字,斯卡达,黑,2015-05-04 21:00:28,kk458064,,112.326679_25.436472
254414,粤ARTJ8C,教练车,蓝底白字,起亚,黑,2015-11-09 10:08:15,kk553078,,113.357685_25.248252
589932,粤B1N4G6,大型汽车,黄底黑字,丰田,蓝,2015-06-05 15:42:17,kk433133,,116.412118_24.803865
989330,粤B0PR2J,教练车,蓝底白字,本田,黑,2015-06-05 00:14:11,kk562402,,111.320286_24.789956
479520,粤HX2167,小型汽车,黄底黑字,五菱,灰,2015-04-18 18:32:44,kk797005,,115.799716_22.761676
902681,粤DXCPJ7,警用汽车,黑底白字,本田,灰,2016-02-02 15:08:03,kk278939,,113.787306_25.547623
614081,粤B1WJDB,大型汽车,黑底白字,大众,红,2017-07-08 11:09:36,kk813822,,111.901777_23.749612
287408,粤ES2529,小型汽车,黑底白字,本田,灰,2016-04-07 21:44:29,kk774464,,114.967430_23.292075
845959,粤G74F02,小型汽车,黑底白字,五菱,白,2015-08-01 11:39:04,kk409191,,115.325853_25.513393
679632,粤F1CS3K,教练车,黑底白字,本田,蓝,2015-12-08 03:23:29,kk802047,,115.878396_23.618639
730506,粤CB86D8,小型汽车,黄底黑字,斯卡达,灰,2016-12-12 02:41:16,kk631365,,112.950771_23.544778
733902,粤ATNZ6S,大型汽车,蓝底白字,起亚,白,2017-02-14 18:11:51,kk303898,,112.804897_22.665740
887197,粤F385WJ,警用汽车,黄底黑字,本田,黑,2015-05-18 16:39:32,kk3604,,111.788497_23.485164
485204,粤B50Q4I,小型汽车,黑底白字,斯卡达,灰,2015-09-16 00:01:07,kk687335,,115.254999_25.233101
608845,粤BKE042,大型汽车,黄底黑字,五菱,灰,2016-05-02 21:41:39,kk84109,,112.112094_23.385311
782916,粤HTKXQP,警用汽车,黄底黑字,斯卡达,黑,2017-10-30 07:16:51,kk310293,,111.799073_23.699269
629077,粤A426WJ,警用汽车,蓝底白字,五菱,黑,2017-02-10 18:03:28,kk799951,,112.616069_24.132688
931855,粤E9QVIC,教练车,黄底黑字,丰田,白,2015-09-26 14:59:35,kk867767,,116.917658_23.331310
208235,粤F845DW,大型汽车,红黑字,丰田,白,2015-06-08 21:15:38,kk371380,,115.606010_25.454416
825571,粤FUOMGI,小型汽车,黑底白字,大众,白,2016-06-21 02:35:11,kk620604,,113.573501_23.932586
947859,粤E07FY0,小型汽车,黑底白字,五菱,蓝,2016-06-17 10:54:35,kk892953,,113.543249_25.445878
107046,粤AQS1K7,教练车,黄底黑字,丰田,蓝,2017-12-19 00:47:00,kk658044,,116.455078_23.988177
993888,粤H3QKE7,警用汽车,蓝底白字,起亚,蓝,2017-03-10 12:41:11,kk887844,,116.762345_24.384122
141952,粤E45993,教练车,黄底黑字,起亚,白,2015-11-30 15:30:25,kk635427,,114.329520_24.522901
538765,粤CKXR96,大型汽车,黑底白字,丰田,蓝,2016-04-24 22:04:02,kk401789,,111.866242_25.363395
839630,粤BQSMKE,教练车,黑底白字,丰田,灰,2017-05-20 21:13:55,kk678458,,113.490294_22.593249
782580,粤GCT3E9,小型汽车,黄底黑字,起亚,灰,2016-07-08 10:03:21,kk453030,,114.285635_25.037577
606941,粤F9O5G7,警用汽车,蓝底白字,斯卡达,蓝,2015-07-17 08:32:42,kk395443,,114.786664_23.948550
763416,粤E93RCP,教练车,蓝底白字,大众,红,2016-01-29 01:14:53,kk904697,,112.686511_24.378548
970143,粤H73698,教练车,黑底白字,大众,红,2015-02-29 02:33:42,kk188911,,112.931878_24.421278
717053,粤A3WM71,教练车,黄底黑字,本田,红,2016-11-12 03:57:40,kk76011,,113.141867_24.332781
649965,粤E63852,小型汽车,蓝底白字,丰田,蓝,2016-01-24 14:24:06,kk308007,,113.485166_23.963736
876186,粤EPCW94,警用汽车,黄底黑字,五菱,白,2016-12-01 17:37:15,kk658731,,113.333167_22.831387
125006,粤CJ1BOI,警用汽车,蓝底白字,起亚,黑,2015-06-05 12:24:10,kk333086,,116.992149_24.385919
869312,粤C7X17M,小型汽车,黑底白字,丰田,红,2016-06-04 21:15:29,kk755239,,116.952724_24.376779
968653,粤AN9FZX,教练车,蓝底白字,起亚,白,2015-05-16 18:03:12,kk33897,,116.032150_25.381168
129450,粤BO8161,大型汽车,红黑字,起亚,蓝,2016-12-20 03:29:42,kk104676,,116.317402_23.351103
494633,粤A1Q3XK,警用汽车,红黑字,五菱,白,2015-05-21 05:58:44,kk792771,,116.858268_25.204497
972834,粤FB8T38,小型汽车,红黑字,丰田,灰,2017-09-01 14:39:05,kk813534,,114.859271_24.589962
496394,粤AVYO6G,教练车,红黑字,本田,蓝,2016-01-19 02:26:44,kk34221,,115.862061_24.146668
257753,粤B180S2,教练车,黑底白字,斯卡达,白,2015-07-17 05:04:42,kk157112,,114.541653_24.994888
115441,粤F50743,小型汽车,蓝底白字,起亚,黑,2015-10-11 18:16:37,kk352347,,116.597851_23.715101
783684,粤F2VUO2,教练车,红黑字,斯卡达,红,2017-05-03 08:52:22,kk268235,,113.208512_24.212692
123802,粤B84OIG,警用汽车,蓝底白字,五菱,灰,2015-08-14 05:16:19,kk277478,,114.636505_24.149279
840874,粤FX238A,大型汽车,黄底黑字,丰田,红,2017-12-08 17:22:38,kk779649,,116.888667_25.526829
155772,粤DR4J87,警用汽车,蓝底白字,本田,黑,2015-07-10 21:38:08,kk873424,,115.249963_23.645819
570534,粤C8V0N5,小型汽车,蓝底白字,五菱,红,2016-06-26 01:38:15,kk736500,,114.317955_24.730165
674091,粤H862F8,警用汽车,红黑字,五菱,白,2016-12-21 11:37:46,kk606776,,114.158329_23.415732
45796,粤DVOB2I,大型汽车,蓝底白字,起亚,白,2016-04-20 21:17:03,kk345299,,116.445643_24.362476
705718,粤C3H753,警用汽车,黑底白字,起亚,红,2017-05-23 02:00:42,kk179639,,115.226692_25.505498
233590,粤DEUWM5,小型汽车,黑底白字,斯卡达,红,2016-09-12 06:10:49,kk375772,,116.367328_24.741206
632351,粤D03Q7X,教练车,黑底白字,斯卡达,黑,2017-04-21 05:24:44,kk267208,,112.381534_23.019891
247596,粤CA3HT7,教练车,黑底白字,斯卡达,白,2017-09-02 16:04:35,kk282022,,116.880077_24.684226
570851,粤CTGA7S,小型汽车,黄底黑字,起亚,黑,2017-04-02 15:12:58,kk351608,,112.595833_24.988242
552429,粤E7UOMG,大型汽车,红黑字,大众,黑,2016-09-19 15:38:14,kk359389,,113.683673_23.714497
128732,粤C595G7,大型汽车,红黑字,丰田,红,2016-09-05 04:30:26,kk93380,,112.402931_24.325217
29221,粤AZP34N,小型汽车,黄底黑字,斯卡达,白,2015-07-16 10:10:37,kk503419,,113.298527_24.263462
569862,粤FUKBC7,大型汽车,黑底白字,斯卡达,白,2015-08-07 19:51:49,kk932037,,113.674140_24.376241
62733,粤EFZMRE,大型汽车,蓝底白字,五菱,灰,2017-09-02 20:21:16,kk387360,,112.229650_24.168201
675541,粤H5FGLZ,教练车,蓝底白字,五菱,黑,2017-03-04 16:10:39,kk857097,,111.853916_25.024344
60187,粤G72I69,大型汽车,蓝底白字,丰田,蓝,2016-01-27 13:06:05,kk124577,,113.485302_23.391903
836106,粤G84Z84,警用汽车,蓝底白字,五菱,蓝,2017-05-09 03:18:04,kk540982,,115.729904_25.548733
61938,粤C0W4OF,小型汽车,黄底黑字,五菱,白,2015-04-04 04:36:19,kk732296,,115.865586_24.798627
158230,粤E926J0,警用汽车,蓝底白字,起亚,灰,2017-10-19 20:29:50,kk275211,,111.197912_24.439812
354176,粤C1S50M,教练车,蓝底白字,起亚,黑,2016-11-29 06:45:27,kk963087,,113.624076_24.509437
623050,粤CAMAT0,大型汽车,蓝底白字,斯卡达,蓝,2017-01-02 09:30:27,kk401275,,113.996108_24.030361
243786,粤HL7N2F,教练车,黄底黑字,起亚,黑,2016-03-28 12:22:56,kk320490,,115.966866_23.991214
580308,粤AW5052,警用汽车,蓝底白字,斯卡达,红,2016-07-16 12:17:44,kk177614,,114.275795_24.632173
405542,粤F0SIZM,大型汽车,蓝底白字,五菱,蓝,2016-12-13 15:03:47,kk325195,,114.399414_25.023305
113634,粤DD6I2A,警用汽车,黄底黑字,五菱,灰,2017-10-12 12:26:35,kk274097,,114.260400_23.512210
461781,粤G2F6M8,大型汽车,黑底白字,起亚,红,2015-11-28 18:57:00,kk348164,,116.978293_23.249766
62148,粤F1V6G0,教练车,蓝底白字,本田,蓝,2015-11-23 15:08:01,kk335400,,112.213410_22.830856
704719,粤EWQOIV,警用汽车,红黑字,丰田,白,2016-11-09 02:09:47,kk577131,,115.276943_22.751903
733528,粤F48GAA,教练车,黑底白字,斯卡达,蓝,2016-06-12 20:57:28,kk304716,,112.526358_24.504626
121556,粤G61852,教练车,黑底白字,丰田,黑,2017-11-23 21:26:40,kk932860,,112.008432_23.069602
593699,粤E0VNHG,警用汽车,蓝底白字,五菱,黑,2016-03-24 06:41:40,kk449171,,112.892427_23.590272
132543,粤C3O5GT,大型汽车,红黑字,斯卡达,白,2017-06-14 05:11:50,kk1581,,113.619868_23.529133
468306,粤CK3752,大型汽车,红黑字,大众,灰,2017-10-20 19:05:24,kk278375,,115.795145_24.493510
702144,粤G7UV7C,大型汽车,蓝底白字,丰田,蓝,2017-10-30 05:31:01,kk300003,,112.132702_24.708421
41117,粤G491GX,警用汽车,红黑字,本田,蓝,2017-11-03 06:02:52,kk797507,,112.315793_24.330281
733475,粤C7Q939,小型汽车,蓝底白字,五菱,灰,2015-10-25 10:54:46,kk439320,,111.603771_25.556564
684521,粤FJ3IC7,小型汽车,黄底黑字,丰田,蓝,2016-04-30 10:05:38,kk786337,,112.146671_25.115480
906152,粤F9438C,警用汽车,蓝底白字,本田,红,2015-01-24 10:37:32,kk4603,,113.888602_24.401083
907283,粤GF348X,大型汽车,黑底白字,斯卡达,白,2017-08-19 18:42:59,kk45593,,111.536521_23.591625
367727,粤D6QGI1,教练车,红黑字,五菱,黑,2015-02-25 22:28:41,kk215998,,116.119897_23.854547
954685,粤CM63ZP,小型汽车,红黑字,大众,白,2015-06-15 18:29:15,kk802087,,111.560789_23.928895
938847,粤ERTN8F,小型汽车,黑底白字,大众,白,2017-11-11 11:05:53,kk688125,,114.555746_25.431043
346247,粤AF0LFZ,教练车,蓝底白字,本田,白,2015-11-08 17:08:41,kk713994,,116.948569_23.603863
742306,粤G5O04Y,大型汽车,蓝底白字,丰田,蓝,2017-10-24 04:49:05,kk854089,,116.857083_24.348220
386155,粤CL4SB5,教练车,黄底黑字,本田,蓝,2016-12-26 03:33:48,kk167695,,112.342282_25.162682
416144,粤C35M9F,教练车,蓝底白字,大众,白,2017-08-18 12:32:24,kk870511,,113.019478_24.707298
931564,粤BW4O9Z,教练车,红黑字,斯卡达,黑,2015-03-20 04:30:39,kk807598,,115.053923_22.681201
320947,粤HQOIHA,警用汽车,黑底白字,五菱,白,2017-06-30 10:56:23,kk69986,,116.611459_24.237247
953932,粤H183ZS,小型汽车,红黑字,本田,白,2016-08-29 22:32:49,kk490326,,114.590167_23.102087
401503,粤H90529,小型汽车,蓝底白字,本田,白,2015-12-14 15:03:00,kk277362,,116.951782_23.177449
678542,粤DUVM59,小型汽车,黄底黑字,丰田,白,2016-05-05 11:45:54,kk104703,,113.526766_22.858963
612972,粤HO7GWY,小型汽车,红黑字,丰田,灰,2015-06-03 07:28:41,kk556265,,116.079077_22.928588
337360,粤D5C74S,大型汽车,红黑字,五菱,黑,2015-03-30 11:00:09,kk948914,,112.586153_25.380376
71730,粤GJW9D1,小型汽车,黄底黑字,五菱,白,2017-05-28 10:25:59,kk202267,,111.880057_22.705216
820399,粤E2947Z,警用汽车,黑底白字,丰田,黑,2016-01-02 08:48:56,kk606272,,115.286349_24.368217
341037,粤EQ9658,警用汽车,黑底白字,起亚,灰,2015-09-07 02:39:09,kk49093,,115.332740_23.170874
760730,粤H4CWJB,教练车,黑底白字,五菱,灰,2015-07-25 21:30:25,kk510987,,116.455631_24.989583
511686,粤F91569,大型汽车,蓝底白字,本田,蓝,2015-11-16 18:40:17,kk404299,,113.584271_22.866202
838315,粤EC9UWI,大型汽车,红黑字,斯卡达,白,2015-02-16 16:42:43,kk645335,,111.475521_23.392112
987797,粤F49O3H,大型汽车,黄底黑字,大众,黑,2016-09-05 11:36:02,kk180798,,111.249260_23.885272
337795,粤BJZ7RB,大型汽车,蓝底白字,斯卡达,黑,2015-04-01 14:03:35,kk59653,,111.280306_24.156134
137900,粤A03W52,教练车,黄底黑字,五菱,灰,2015-07-12 10:56:15,kk40663,,111.294823_25.136235
245409,粤D2147I,警用汽车,蓝底白字,起亚,灰,2016-04-03 16:56:56,kk156549,,114.078676_23.567971
221474,粤DZ4R5Y,警用汽车,红黑字,本田,红,2017-11-27 01:10:59,kk617598,,111.620919_24.126098
420190,粤H4Z8RL,警用汽车,黑底白字,本田,蓝,2015-07-30 19:33:22,kk930739,,116.570520_24.873942
251092,粤C48196,警用汽车,红黑字,本田,白,2017-04-21 07:17:43,kk134497,,111.990579_25.039031
624600,粤C6S81Q,教练车,黄底黑字,大众,黑,2017-03-10 02:17:08,kk605922,,112.662502_23.863489
700330,粤GW4OFV,教练车,蓝底白字,斯卡达,蓝,2015-05-15 09:34:42,kk982481,,115.597711_24.717375
449755,粤D9Z28I,小型汽车,黑底白字,丰田,灰,2016-02-26 06:08:28,kk360088,,112.102062_23.466621
217598,粤HSU3M9,大型汽车,黄底黑字,丰田,灰,2015-08-30 16:53:09,kk77836,,116.965112_23.645375
420395,粤E5S12Q,教练车,蓝底白字,大众,黑,2017-11-10 19:32:57,kk80682,,112.223642_23.188434
756046,粤FY2F6X,警用汽车,黑底白字,大众,黑,2015-12-21 03:06:10,kk63243,,116.737711_23.080746
814768,粤C7C2UK,大型汽车,黄底黑字,斯卡达,黑,2015-09-04 15:51:23,kk341009,,111.504102_22.632647
779705,粤G0H573,小型汽车,蓝底白字,斯卡达,灰,2016-07-02 09:23:02,kk669723,,116.558116_24.041879
984567,粤GE9LMD,教练车,红黑字,斯卡达,灰,2015-06-07 02:11:57,kk39309,,112.930953_25.298303
456013,粤H41F3X,小型汽车,红黑字,大众,红,2016-12-04 21:11:47,kk805682,,113.855745_23.677738
210086,粤COB1T3,大型汽车,蓝底白字,斯卡达,白,2016-03-06 19:39:55,kk391888,,114.059475_23.601773
994889,粤B4HANE,小型汽车,黑底白字,斯卡达,白,2015-07-23 16:04:59,kk189487,,111.937882_23.233391
375751,粤A41850,教练车,黑底白字,本田,白,2016-12-23 04:13:46,kk221724,,111.735383_24.556687
544515,粤BI4H82,教练车,黄底黑字,丰田,红,2017-10-23 22:37:03,kk591952,,114.860521_23.704962
1182,粤EOBVTN,大型汽车,黄底黑字,斯卡达,黑,2017-06-12 14:31:32,kk733951,,115.397146_23.815453
303962,粤C72YLF,大型汽车,黄底黑字,五菱,黑,2015-05-08 06:38:50,kk5170,,113.581452_24.891792
412937,粤A0U495,教练车,黄底黑字,起亚,灰,2017-06-29 13:22:25,kk219627,,116.961586_24.876668
762841,粤CGO4V8,大型汽车,蓝底白字,本田,灰,2016-08-01 08:55:16,kk304068,,112.846501_23.372885
92102,粤FN9486,教练车,红黑字,丰田,红,2017-08-25 02:47:07,kk379188,,114.875610_24.615863
228122,粤FB2A88,教练车,黄底黑字,丰田,灰,2016-08-12 12:05:44,kk217112,,113.490471_23.620566
482878,粤G8X0EF,小型汽车,蓝底白字,斯卡达,黑,2016-03-17 02:03:00,kk207002,,113.680025_24.572243
48279,粤CWQJ81,教练车,蓝底白字,本田,黑,2015-02-02 21:24:51,kk672566,,114.413522_23.396463
797320,粤CQ0IKP,教练车,蓝底白字,大众,红,2017-12-24 08:15:39,kk628426,,116.695256_23.530781
194914,粤B6T6Y0,大型汽车,黑底白字,五菱,灰,2016-03-13 04:07:11,kk836693,,117.039717_25.014432
601395,粤E26507,教练车,黄底黑字,起亚,灰,2015-04-02 10:19:59,kk330769,,113.147945_25.419589
112031,粤C6U610,小型汽车,红黑字,斯卡达,黑,2016-10-25 00:33:39,kk410330,,116.545433_23.151468
217498,粤A8O2GT,大型汽车,红黑字,丰田,蓝,2016-01-20 00:06:13,kk479569,,115.853800_25.536279
993092,粤AK83B8,警用汽车,红黑字,五菱,黑,2015-02-21 12:58:41,kk228,,113.017763_25.275813
228597,粤D1VX2E,警用汽车,红黑字,本田,黑,2017-02-19 13:32:25,kk261596,,111.563335_22.577018
896035,粤G057I3,大型汽车,蓝底白字,本田,红,2015-08-08 08:54:24,kk631562,,112.020779_23.981100
619159,粤G29614,教练车,红黑字,本田,红,2016-01-22 18:55:40,kk445980,,113.374266_23.966602
356392,粤GN6KA9,教练车,蓝底白字,五菱,灰,2017-10-20 18:13:28,kk718026,,115.148175_23.636630
338003,粤D70X2E,警用汽车,蓝底白字,起亚,蓝,2017-11-26 14:23:50,kk404869,,115.115977_24.694240
408681,粤E47N42,教练车,黄底黑字,大众,灰,2015-03-20 13:12:11,kk55915,,114.469637_24.199072
318260,粤HBOIGA,大型汽车,黑底白字,斯卡达,灰,2017-12-09 05:17:19,kk285034,,116.376029_24.319723
176207,粤AM7T97,小型汽车,蓝底白字,丰田,红,2016-04-08 17:49:03,kk658597,,112.183192_24.234277
239567,粤ESMNQG,小型汽车,红黑字,五菱,灰,2015-08-08 15:12:46,kk271814,,115.818986_24.982988
439448,粤A73269,教练车,黄底黑字,大众,黑,2016-10-05 04:12:04,kk497784,,111.255715_25.222454
567676,粤B9T5L9,教练车,蓝底白字,五菱,灰,2017-10-25 13:08:44,kk136817,,114.103045_22.761426
843171,粤GM6TD1,警用汽车,蓝底白字,本田,灰,2015-09-26 16:32:12,kk468017,,113.173660_22.957172
656618,粤H9JL2F,小型汽车,黑底白字,大众,灰,2015-01-22 13:26:12,kk510778,,115.865647_23.405076
652436,粤BW8O0X,教练车,红黑字,本田,红,2017-12-14 19:41:27,kk140748,,113.015671_23.421525
948586,粤FP9H3Z,大型汽车,黄底黑字,五菱,红,2017-04-13 21:42:02,kk572984,,115.806226_24.535321
217649,粤F5E9DT,警用汽车,黄底黑字,大众,蓝,2015-10-07 19:50:23,kk124454,,113.159305_22.611036
556695,粤E36O63,警用汽车,红黑字,起亚,白,2015-02-16 15:44:05,kk98667,,114.614600_23.739691
558812,粤CUZNGA,小型汽车,黄底黑字,大众,灰,2017-12-05 06:01:04,kk97170,,113.251916_25.058321
765767,粤AP0H6Z,小型汽车,黄底黑字,大众,黑,2016-07-08 18:24:31,kk55778,,111.267632_23.050860
729133,粤E9H1OT,大型汽车,蓝底白字,起亚,黑,2017-06-26 07:54:03,kk827847,,112.567762_24.085546
236301,粤G963GI,教练车,黄底黑字,五菱,黑,2016-01-06 13:05:54,kk192539,,114.480684_24.963182
868154,粤B28R37,大型汽车,黄底黑字,大众,白,2015-12-16 10:41:52,kk752957,,114.962989_23.024310
946794,粤HTRL6D,警用汽车,蓝底白字,大众,白,2015-08-15 07:51:29,kk307194,,116.874537_24.856757
104543,粤G127MY,小型汽车,黄底黑字,丰田,黑,2016-01-02 06:17:48,kk924736,,116.273227_24.913571
159551,粤B20E03,教练车,黑底白字,斯卡达,蓝,2016-02-07 14:50:16,kk141350,,113.149839_23.384885
718713,粤HY7Q1P,大型汽车,黑底白字,五菱,灰,2016-09-10 01:29:23,kk397474,,114.718844_23.574378
945152,粤A39711,教练车,黄底黑字,斯卡达,白,2016-08-04 04:51:28,kk88316,,114.715652_23.333462
225434,粤ET7XRA,大型汽车,黑底白字,五菱,黑,2017-06-06 13:01:11,kk368262,,115.276718_23.728128
50735,粤HR6K00,大型汽车,黄底黑字,五菱,白,2017-10-26 12:59:46,kk157864,,114.699667_24.044115
286568,粤B0V2OE,警用汽车,黑底白字,起亚,红,2016-11-25 03:21:10,kk638607,,112.306218_22.901004
147241,粤G1P5IY,大型汽车,蓝底白字,斯卡达,蓝,2015-08-25 16:43:03,kk888791,,112.770802_24.250517
614114,粤GXRE52,大型汽车,红黑字,大众,白,2017-11-03 09:53:01,kk213306,,113.209184_23.142724
740783,粤BRLKDF,大型汽车,黄底黑字,五菱,白,2015-01-28 14:16:51,kk150713,,115.196196_23.996651
273696,粤G49X3E,大型汽车,红黑字,斯卡达,红,2015-06-16 22:00:55,kk102997,,113.362467_24.735541
283300,粤H51934,教练车,黄底黑字,起亚,黑,2016-02-26 19:09:13,kk26476,,115.894558_23.032694
48663,粤F6713N,教练车,红黑字,斯卡达,蓝,2017-02-12 17:50:09,kk646798,,111.760498_23.580735
267637,粤F89317,大型汽车,蓝底白字,本田,红,2015-12-17 22:48:36,kk216613,,113.120230_22.800793
774949,粤DJXQPI,大型汽车,蓝底白字,大众,灰,2016-09-03 16:15:04,kk921418,,116.111995_22.738357
342231,粤FPR8JD,教练车,黄底黑字,五菱,白,2015-05-30 18:49:43,kk657230,,111.262579_24.921821
806859,粤D0S572,大型汽车,黑底白字,五菱,红,2017-05-17 07:01:21,kk53177,,111.311658_24.497380
730531,粤EUKBC0,小型汽车,蓝底白字,大众,蓝,2015-11-04 15:21:08,kk292742,,112.041689_22.831319
23927,粤EJ0O4I,教练车,黄底黑字,斯卡达,白,2017-06-28 02:59:17,kk499314,,114.786864_23.916086
490333,粤FA2J5B,大型汽车,黑底白字,大众,白,2017-07-07 13:17:19,kk194867,,112.710154_22.826846
39012,粤GSQKX5,小型汽车,黄底黑字,起亚,黑,2015-09-01 21:08:55,kk615006,,111.960375_25.519939
398174,粤H6KECW,教练车,蓝底白字,起亚,红,2016-10-17 07:30:59,kk469268,,112.579967_23.905934
517773,粤C85M60,警用汽车,红黑字,丰田,灰,2015-07-05 14:15:26,kk72497,,116.769633_24.868800
493937,粤HJ1759,大型汽车,黄底黑字,起亚,黑,2015-04-23 06:59:20,kk641268,,112.902721_24.049065
769704,粤FPCWUO,教练车,蓝底白字,丰田,灰,2015-06-02 02:53:55,kk948745,,111.978083_23.021621
570840,粤D37BOI,警用汽车,红黑字,起亚,黑,2015-02-21 12:44:15,kk462035,,114.384053_22.688296
20857,粤A5Y751,大型汽车,黑底白字,五菱,白,2017-09-29 00:10:49,kk547996,,111.257171_23.084816
145949,粤EJS0Z2,小型汽车,黑底白字,本田,黑,2017-02-01 14:39:06,kk326641,,112.170377_22.736656
28434,粤H33W9O,教练车,黑底白字,大众,灰,2016-01-26 19:43:43,kk275681,,112.584260_24.552086
696372,粤GFI71G,教练车,黑底白字,本田,白,2017-02-26 11:28:56,kk745409,,113.322610_24.341936
947383,粤G3Y7FG,警用汽车,红黑字,本田,黑,2017-12-28 03:14:35,kk130063,,116.809916_22.921718
196306,粤H7S9Z3,教练车,红黑字,五菱,红,2016-09-27 17:11:22,kk559946,,114.413655_24.204095
609172,粤C59195,教练车,红黑字,本田,黑,2015-04-04 03:20:03,kk628011,,114.228245_22.824804
240076,粤E29D2W,小型汽车,红黑字,丰田,黑,2015-10-18 10:46:20,kk845275,,114.617749_23.083938
622887,粤C2O6G0,大型汽车,黑底白字,斯卡达,灰,2017-10-25 11:12:26,kk231339,,115.258875_22.819782
286328,粤C818B0,教练车,黄底黑字,斯卡达,黑,2015-10-28 14:43:32,kk689470,,116.738279_23.950099
958813,粤A1036Q,警用汽车,黄底黑字,起亚,红,2016-08-18 18:20:10,kk590087,,113.264444_23.437882
808538,粤EH2MZT,大型汽车,蓝底白字,起亚,白,2016-05-13 09:18:43,kk292194,,111.569106_24.886864
924654,粤H01430,教练车,蓝底白字,丰田,红,2017-06-30 08:10:51,kk169173,,111.889523_24.109233
386982,粤GG4671,小型汽车,黑底白字,斯卡达,黑,2015-08-24 18:41:14,kk73561,,113.552635_23.591772
694547,粤DAQSUO,大型汽车,黑底白字,大众,黑,2015-07-04 10:58:41,kk74809,,113.830734_23.182522
27337,粤HM1M4T,小型汽车,黑底白字,五菱,蓝,2015-03-23 16:42:28,kk734712,,115.765192_24.131769
801032,粤BHX8P3,大型汽车,黄底黑字,大众,红,2016-10-07 00:58:39,kk147094,,111.603074_24.039641
241052,粤D03TK6,大型汽车,黑底白字,起亚,红,2016-07-09 01:25:18,kk461520,,112.165986_25.415145
250124,粤BD268N,大型汽车,黑底白字,大众,白,2016-10-21 02:00:23,kk635183,,116.424548_24.146542
672667,粤F0F63S,大型汽车,黄底黑字,斯卡达,红,2016-06-21 13:17:57,kk712831,,111.417545_25.399188
169656,粤H2X8P2,大型汽车,红黑字,五菱,灰,2015-04-08 15:56:08,kk21449,,114.723931_24.423672
309214,粤GFYA52,大型汽车,黑底白字,起亚,白,2016-03-16 22:56:32,kk284644,,115.457987_24.975385
151036,粤GZSGLM,大型汽车,黑底白字,本田,灰,2016-02-21 20:39:12,kk811031,,115.758234_25.313140
556869,粤B60TFS,教练车,蓝底白字,起亚,白,2015-09-16 04:52:23,kk591633,,114.497515_25.190685
694583,粤EGA256,教练车,蓝底白字,五菱,灰,2015-05-19 06:35:34,kk353187,,111.719520_24.502985
720016,粤B4ZAM6,警用汽车,黄底黑字,丰田,灰,2017-03-15 08:10:13,kk357431,,116.048936_24.169674
418598,粤B719LN,大型汽车,红黑字,起亚,红,2016-02-15 05:49:51,kk10853,,116.779587_23.047107
667861,粤EEGWD5,警用汽车,蓝底白字,大众,红,2017-07-17 22:52:38,kk155059,,114.528347_23.839703
942320,粤FVXN9G,大型汽车,蓝底白字,大众,灰,2015-03-18 02:14:03,kk244806,,115.338081_23.449015
723771,粤D3X772,教练车,黄底黑字,大众,灰,2017-05-18 20:14:05,kk488937,,116.780615_24.421349
602935,粤ERS9Z3,教练车,黑底白字,五菱,灰,2016-08-28 07:26:37,kk428855,,112.580228_24.953097
62482,粤E73W83,小型汽车,蓝底白字,起亚,红,2017-07-07 19:46:44,kk359847,,115.255970_24.260583
416775,粤CLN9I3,警用汽车,黑底白字,本田,黑,2015-03-24 21:22:31,kk462451,,114.647777_25.024301
150344,粤C183HB,小型汽车,红黑字,丰田,灰,2017-03-04 02:43:32,kk504291,,115.306442_25.388040
944885,粤HTV759,大型汽车,黄底黑字,斯卡达,白,2015-04-10 00:37:38,kk497127,,116.012735_24.785598
13739,粤E52Y71,大型汽车,黑底白字,丰田,红,2015-11-01 11:29:28,kk749622,,111.290438_25.010075
973100,粤HJCP9I,教练车,蓝底白字,大众,灰,2017-03-12 03:35:33,kk343176,,113.885179_24.971103
370858,粤EYO4G6,警用汽车,红黑字,起亚,蓝,2015-02-25 08:13:45,kk176368,,114.992204_24.709215
166793,粤BTJ8B9,小型汽车,黑底白字,斯卡达,蓝,2016-01-03 06:40:42,kk372974,,111.728109_23.618039
911960,粤GT3Y5X,大型汽车,黄底黑字,丰田,白,2015-07-01 07:31:51,kk29152,,116.234659_24.104890
110449,粤G8EFWJ,大型汽车,蓝底白字,本田,灰,2017-11-12 14:03:24,kk987350,,116.900796_24.478427
263300,粤H082J8,教练车,黄底黑字,大众,灰,2016-12-07 16:45:37,kk567614,,111.773964_23.277717
392223,粤AU9M20,教练车,红黑字,本田,蓝,2015-06-05 12:11:22,kk961413,,115.237358_24.022529
419855,粤HT56QG,警用汽车,蓝底白字,本田,黑,2015-09-11 19:13:31,kk298746,,114.935904_23.131216
643638,粤F37E14,警用汽车,黄底黑字,五菱,白,2017-02-11 02:18:46,kk236235,,113.478971_23.386611
682030,粤FZS6K2,小型汽车,红黑字,起亚,白,2015-12-12 06:20:02,kk282032,,113.250478_22.581505
694574,粤BTMLFS,小型汽车,蓝底白字,起亚,灰,2016-06-29 02:01:15,kk972816,,116.849845_22.672989
381479,粤CU9156,教练车,红黑字,五菱,红,2015-05-22 01:03:45,kk448820,,114.616041_24.171860
253714,粤GO2V47,教练车,黑底白字,丰田,黑,2016-12-18 06:14:03,kk934706,,111.961612_24.521647
931206,粤F5S9K3,小型汽车,蓝底白字,大众,灰,2017-12-26 12:05:11,kk127317,,115.960997_24.579661
774596,粤CV42F4,大型汽车,红黑字,大众,白,2016-03-23 10:15:16,kk515719,,114.863957_23.794662
985108,粤BVOQ8I,教练车,红黑字,斯卡达,灰,2015-01-23 09:29:26,kk214614,,114.200626_24.035636
417427,粤EMFTYZ,小型汽车,蓝底白字,本田,白,2017-06-17 09:20:59,kk979133,,114.507004_23.746529
742104,粤H82367,小型汽车,黑底白字,斯卡达,白,2016-11-29 20:19:34,kk687159,,114.897583_23.648589
266822,粤F0N6F8,大型汽车,黑底白字,丰田,黑,2017-06-01 11:28:02,kk724777,,116.569555_24.129410
680015,粤D8LN9F,警用汽车,黄底黑字,起亚,黑,2017-10-06 00:49:28,kk391068,,113.287416_25.222238
215614,粤B962YA,小型汽车,红黑字,斯卡达,灰,2017-08-09 04:05:16,kk650424,,114.956737_23.101281
254353,粤E7RLKD,教练车,黄底黑字,大众,黑,2016-10-22 05:43:44,kk303692,,112.670306_24.980362
174900,粤E461E5,小型汽车,蓝底白字,大众,灰,2015-10-06 11:08:34,kk923884,,115.948091_24.726856
347159,粤DMN90L,教练车,红黑字,大众,灰,2015-04-22 01:59:52,kk707848,,116.324832_23.261222
520478,粤BZF1M5,小型汽车,蓝底白字,起亚,红,2016-02-20 03:31:15,kk732215,,116.348795_23.680533
501073,粤B15I0B,小型汽车,红黑字,起亚,蓝,2015-03-11 20:45:09,kk970102,,113.515526_25.153916
935828,粤ASM5T7,警用汽车,红黑字,斯卡达,红,2015-07-17 21:33:58,kk824445,,116.195575_23.220511
223768,粤AMLFG0,教练车,黄底黑字,起亚,灰,2015-12-08 07:39:14,kk864537,,111.266608_22.745420
61791,粤CY39O3,小型汽车,红黑字,五菱,红,2015-12-20 12:41:52,kk914223,,111.799465_23.661381
897917,粤DT5L0D,警用汽车,黄底黑字,丰田,黑,2016-08-22 07:11:19,kk633391,,116.957063_25.137864
613108,粤A835WX,小型汽车,红黑字,大众,灰,2016-11-09 17:03:24,kk258802,,117.095360_23.960552
81845,粤EOEGW1,教练车,黑底白字,本田,红,2016-01-07 15:47:29,kk225977,,114.523552_23.758983
871981,粤F53XN3,警用汽车,蓝底白字,丰田,红,2015-11-18 08:07:28,kk980753,,114.651057_22.976398
236023,粤CH519D,教练车,黄底黑字,起亚,灰,2017-04-24 21:29:31,kk407302,,114.082230_23.404558
718791,粤BUHTV6,教练车,黑底白字,丰田,黑,2016-04-16 08:30:01,kk948825,,111.670203_22.652111
160565,粤D6B8TN,大型汽车,黄底黑字,起亚,灰,2015-10-19 17:59:07,kk677768,,113.380412_25.040925
610149,粤E780OI,警用汽车,黑底白字,本田,红,2017-12-07 18:39:44,kk284359,,116.444872_24.167722
678871,粤EG80DT,大型汽车,黄底黑字,五菱,白,2016-06-25 18:09:28,kk195393,,113.090402_23.537360
164436,粤G50826,小型汽车,黄底黑字,起亚,灰,2015-08-01 07:06:04,kk809647,,112.847360_23.798888
352591,粤ANHFZ5,教练车,黑底白字,丰田,白,2017-10-24 10:55:06,kk141923,,116.177348_24.450899
264970,粤A8294M,小型汽车,黑底白字,起亚,白,2015-11-16 02:52:03,kk4667,,111.931763_24.937638
263045,粤AP10M6,警用汽车,黑底白字,起亚,红,2015-03-26 01:17:35,kk224273,,114.141085_24.938912
840979,粤G3T8SU,教练车,黄底黑字,起亚,灰,2015-10-28 21:46:55,kk288569,,112.391876_23.683073
144283,粤DYLF3X,教练车,黄底黑字,大众,黑,2016-08-29 01:20:46,kk252679,,111.804383_24.211545
736519,粤FX18YR,小型汽车,黑底白字,本田,灰,2015-05-07 01:29:05,kk692350,,117.071160_24.818627
402903,粤D0H672,小型汽车,红黑字,五菱,灰,2015-08-17 03:28:35,kk986988,,113.474526_25.042872
327501,粤FE0LT0,教练车,蓝底白字,大众,蓝,2015-06-22 21:31:25,kk239104,,111.320419_23.160855
809826,粤DYPFH3,警用汽车,黑底白字,丰田,白,2015-09-12 05:18:48,kk692469,,113.264732_24.483864
796988,粤F2317P,大型汽车,黄底黑字,斯卡达,红,2017-07-18 20:01:13,kk598258,,111.893404_23.539916
899150,粤H418L7,警用汽车,黑底白字,大众,灰,2016-05-21 16:05:18,kk96574,,116.071110_25.554776
228902,粤DTSLRL,小型汽车,黄底黑字,丰田,白,2016-04-06 14:26:15,kk830199,,112.202952_23.932644
359256,粤C86074,大型汽车,黑底白字,大众,红,2015-02-14 10:58:15,kk688041,,116.475042_24.708891
930320,粤G6ZT05,小型汽车,黑底白字,本田,灰,2017-07-17 04:20:03,kk287708,,112.600903_24.544294
951323,粤FG2YLF,警用汽车,黑底白字,起亚,黑,2015-07-08 01:17:09,kk549752,,112.420079_23.288778
642491,粤E8U20L,教练车,黄底黑字,五菱,蓝,2015-05-14 18:39:19,kk990591,,111.857801_24.731544
740397,粤BMREYW,警用汽车,黑底白字,五菱,白,2016-10-12 09:12:56,kk166743,,113.514864_25.241339
550748,粤AN927O,教练车,黄底黑字,五菱,蓝,2017-03-07 21:32:11,kk39928,,115.217234_24.221955
674179,粤BF1X78,大型汽车,蓝底白字,五菱,白,2015-02-17 04:59:09,kk900789,,111.218466_22.971913
253468,粤E7U9BK,警用汽车,黄底黑字,起亚,黑,2016-07-26 12:09:50,kk888337,,115.173847_24.904413
794696,粤C9P2W4,大型汽车,黑底白字,斯卡达,灰,2017-02-15 17:09:50,kk72955,,115.895905_24.790608
100229,粤CN3S27,大型汽车,红黑字,丰田,红,2015-05-06 01:07:51,kk532660,,115.159713_24.233021
617986,粤HFZYRE,小型汽车,红黑字,五菱,红,2016-10-05 04:50:35,kk845518,,112.483644_22.685299
559326,粤E5549K,大型汽车,蓝底白字,大众,红,2016-09-22 06:58:33,kk945488,,113.782546_24.921430
466980,粤C38529,警用汽车,黄底黑字,本田,灰,2016-04-25 15:57:44,kk344687,,113.801930_24.133225
524802,粤B7FSL1,大型汽车,黄底黑字,五菱,灰,2017-02-18 21:44:59,kk311913,,116.838489_23.567611
792725,粤B9W3PC,大型汽车,黄底黑字,五菱,蓝,2015-10-23 05:14:57,kk715500,,112.900370_24.262600
723150,粤BT9N31,警用汽车,红黑字,本田,灰,2017-09-03 03:28:03,kk887929,,115.476716_25.309053
769102,粤EB81UO,小型汽车,红黑字,大众,黑,2017-02-01 07:51:35,kk50326,,116.435584_22.642916
629838,粤C6E038,教练车,蓝底白字,斯卡达,白,2016-08-24 07:44:32,kk546880,,112.548381_24.725399
696199,粤DIY2Q8,大型汽车,蓝底白字,起亚,白,2015-09-27 11:54:26,kk382361,,116.744655_25.294624
555824,粤A07N1U,大型汽车,黄底黑字,斯卡达,灰,2017-12-22 17:30:05,kk330365,,114.783430_25.501225
997501,粤HC12A8,小型汽车,红黑字,大众,红,2015-12-28 04:28:54,kk185541,,116.488019_24.081848
814203,粤G6HXZB,教练车,黑底白字,斯卡达,蓝,2017-08-27 16:09:19,kk570004,,116.550457_22.622450
846040,粤GQ3X5P,警用汽车,蓝底白字,斯卡达,灰,2015-09-19 09:35:41,kk72267,,113.878926_24.132256
127150,粤E7U3M5,小型汽车,黄底黑字,五菱,蓝,2016-06-30 04:14:45,kk396472,,114.283689_24.103688
704673,粤GLB66Y,小型汽车,蓝底白字,斯卡达,黑,2016-08-09 09:35:39,kk630346,,112.019716_23.250568
683323,粤AY9FHX,大型汽车,蓝底白字,大众,白,2015-06-12 18:28:44,kk702208,,115.131005_25.555940
315637,粤E4204S,教练车,黄底黑字,斯卡达,灰,2016-10-05 13:52:50,kk590569,,116.639359_24.433923
505863,粤BJW2O3,小型汽车,黑底白字,斯卡达,灰,2016-02-20 14:41:36,kk874203,,116.705834_25.056028
924540,粤A4BVIZ,警用汽车,蓝底白字,起亚,蓝,2017-08-20 15:34:47,kk766315,,111.703401_22.827239
41164,粤GQ2860,警用汽车,黄底黑字,大众,红,2017-01-27 05:31:46,kk863276,,113.317735_23.019359
773952,粤B4IYAQ,警用汽车,黄底黑字,丰田,红,2017-11-09 02:18:16,kk456599,,116.403081_22.814053
128563,粤C369O3,大型汽车,黄底黑字,斯卡达,黑,2015-05-05 04:27:28,kk406243,,114.450382_24.278688
151729,粤CUE844,教练车,黑底白字,斯卡达,红,2015-12-19 01:18:04,kk253962,,114.543160_25.086116
761106,粤AM9EYX,大型汽车,黑底白字,大众,灰,2016-01-02 09:59:51,kk467386,,115.345169_24.442133
529259,粤FQK729,教练车,蓝底白字,起亚,蓝,2016-06-09 17:59:09,kk448621,,116.819332_22.943678
297546,粤B9JCEG,小型汽车,红黑字,五菱,黑,2015-04-13 06:50:25,kk215628,,115.051817_23.145843
574756,粤BX74K6,教练车,红黑字,丰田,蓝,2015-08-14 20:37:41,kk470267,,114.423144_23.907977
35731,粤FRQJ47,大型汽车,红黑字,斯卡达,蓝,2015-09-18 07:26:01,kk103814,,112.918326_23.851587
76778,粤HQJD7V,警用汽车,蓝底白字,斯卡达,红,2016-07-25 01:32:10,kk58939,,116.340130_23.782822
307542,粤A39CD1,警用汽车,蓝底白字,起亚,灰,2016-02-04 08:43:19,kk866520,,116.680380_25.432978
63118,粤BWN830,警用汽车,蓝底白字,五菱,黑,2017-02-21 01:26:11,kk106362,,114.676041_25.485004
505519,粤CRHJZ2,教练车,蓝底白字,本田,黑,2015-09-18 10:15:23,kk502777,,113.856316_23.500404
650221,粤A14BSU,小型汽车,黑底白字,起亚,黑,2017-02-22 11:36:50,kk359164,,114.099549_25.295835
701364,粤FL3D15,大型汽车,蓝底白字,本田,黑,2016-04-12 17:51:08,kk560132,,113.656877_25.213529
408291,粤E6LX9E,小型汽车,黄底黑字,起亚,蓝,2016-09-22 00:45:19,kk425378,,114.165789_24.471606
766442,粤F670XR,大型汽车,黄底黑字,本田,黑,2015-08-01 21:20:15,kk286442,,113.371010_25.272687
277240,粤A6S2R8,大型汽车,红黑字,丰田,白,2015-09-01 19:06:57,kk775633,,112.483921_23.247186
154459,粤C40BV5,大型汽车,蓝底白字,五菱,蓝,2016-02-11 00:51:51,kk465815,,111.246779_23.076231
318633,粤BWP854,小型汽车,黑底白字,起亚,白,2015-08-28 13:06:09,kk680441,,115.237909_23.778368
756470,粤GQKIC6,大型汽车,黄底黑字,斯卡达,白,2015-04-27 01:16:57,kk5094,,111.649543_24.250578
838788,粤B20CWJ,小型汽车,红黑字,大众,蓝,2017-08-28 16:24:03,kk274988,,113.431011_24.469924
488364,粤FL3S70,大型汽车,黑底白字,本田,黑,2015-11-05 16:10:29,kk587301,,111.228054_24.322319
668192,粤G7PF7F,教练车,蓝底白字,本田,蓝,2015-07-26 21:46:13,kk192831,,115.031934_24.760612
520988,粤H8K4CS,警用汽车,黑底白字,五菱,蓝,2017-10-27 19:59:04,kk958446,,115.539405_23.874691
632378,粤HU8BZS,大型汽车,蓝底白字,大众,白,2016-03-28 20:26:58,kk459910,,111.420114_24.307003
313073,粤D0I620,小型汽车,红黑字,起亚,红,2015-05-21 01:06:32,kk664097,,112.662212_23.627175
499426,粤GF0MU0,教练车,黄底黑字,起亚,白,2016-12-10 18:21:24,kk590288,,112.737532_25.173268
857106,粤B12G4Y,教练车,红黑字,丰田,蓝,2017-06-18 12:08:56,kk302127,,115.450217_23.367765
939252,粤FPOH7S,大型汽车,红黑字,斯卡达,黑,2016-07-18 03:17:42,kk75007,,115.734703_25.453414
